ticker,sector,feature_group,noise_intensity,seed_count,mean_total_clipped_values,std_total_clipped_values,clipped_values_ci95_lower,clipped_values_ci95_upper,mean_clipped_proportion,std_clipped_proportion,clipped_proportion_ci95_lower,clipped_proportion_ci95_upper
XLB,Materials,all_predictors,0.05,30,0.5,0.5085476277156078,0.31801856858648914,0.6819814314135109,3.422782037239868e-05,3.481295370451861e-05,2.1770164881331397e-05,4.668547586346596e-05
XLB,Materials,all_predictors,0.1,30,0.8666666666666667,0.9371024061116425,0.5313288773404539,1.2020044559928795,5.9328221978824385e-05,6.414994565386381e-05,3.637245874455461e-05,8.228398521309416e-05
XLB,Materials,all_predictors,0.2,30,6.7,2.5481568727760586,5.788153773802905,7.611846226197096,0.0004586527929901424,0.0001744357114441442,0.00039623177531509477,0.0005210738106651901
XLB,Materials,all_predictors,0.5,30,167.36666666666667,15.51302752490647,161.81540106108133,172.91793227225202,0.011457192405987585,0.0010619542391091504,0.011077176962012686,0.011837207849962485
XLB,Materials,all_predictors,1.0,30,834.1,22.568439971753048,826.0239874753162,842.1760125246839,0.05709884994523549,0.0015449370188768512,0.05654600133319525,0.05765169855727573
XLB,Materials,momentum,0.05,30,0.43333333333333335,0.5040069329937308,0.2529767686580881,0.6136898980085785,0.00010876840696117804,0.00012650776430565532,6.349818490413857e-05,0.0001540386290182175
XLB,Materials,momentum,0.1,30,0.5666666666666667,0.5683207771559354,0.3632956884291806,0.7700376449041527,0.00014223560910307895,0.00014265079747889943,9.118867681455334e-05,0.00019328254139160456
XLB,Materials,momentum,0.2,30,1.0333333333333334,0.9278574999588488,0.7013037911864974,1.3653628754801694,0.00025937081659973226,0.0002328959588250122,0.00017603006806889994,0.00034271156513056457
XLB,Materials,momentum,0.5,30,4.2,1.900997923052068,3.5197366297722894,4.880263370227711,0.0010542168674698795,0.0004771581132158805,0.0008834680295613177,0.0012249657053784414
XLB,Materials,momentum,1.0,30,36.6,5.04189345932383,34.79578159692985,38.40421840307015,0.009186746987951808,0.0012655355068583911,0.008733880922924158,0.009639613052979458
XLB,Materials,returns,0.05,30,0.0,0.0,0.0,0.0,0.0,0.0,0.0,0.0
XLB,Materials,returns,0.1,30,0.0,0.0,0.0,0.0,0.0,0.0,0.0,0.0
XLB,Materials,returns,0.2,30,0.0,0.0,0.0,0.0,0.0,0.0,0.0,0.0
XLB,Materials,returns,0.5,30,0.0,0.0,0.0,0.0,0.0,0.0,0.0,0.0
XLB,Materials,returns,1.0,30,0.0,0.0,0.0,0.0,0.0,0.0,0.0,0.0
XLB,Materials,volatility,0.05,30,0.0,0.0,0.0,0.0,0.0,0.0,0.0,0.0
XLB,Materials,volatility,0.1,30,0.23333333333333334,0.4301830671520762,0.0793942997725115,0.3872723668941552,5.856760374832664e-05,0.00010797767749801113,1.99282880955099e-05,9.720691940114337e-05
XLB,Materials,volatility,0.2,30,3.966666666666667,1.9561280074701644,3.266675249094759,4.666658084238575,0.0009956492637215528,0.0004909959858107842,0.0008199486067004915,0.001171349920742614
XLB,Materials,volatility,0.5,30,100.96666666666667,10.538871670722346,97.19537987345824,104.7379534598751,0.025343038821954485,0.0026452991141371353,0.024396430691129074,0.026289646952779896
XLB,Materials,volatility,1.0,30,488.0,21.67152907419763,480.2449429180162,495.7550570819838,0.12248995983935744,0.0054396408318769145,0.12054340936697194,0.12443651031174294
XLB,Materials,volume_and_range,0.05,30,0.0,0.0,0.0,0.0,0.0,0.0,0.0,0.0
XLB,Materials,volume_and_range,0.1,30,0.0,0.0,0.0,0.0,0.0,0.0,0.0,0.0
XLB,Materials,volume_and_range,0.2,30,1.0333333333333334,0.9994251221140299,0.6756936465061166,1.3909730201605504,0.00038905622489959844,0.000376289579109198,0.00025440272835320656,0.0005237097214459903
XLB,Materials,volume_and_range,0.5,30,63.2,7.165049269508393,60.63602004777684,65.76397995222317,0.02379518072289156,0.0026976842129173167,0.022829826825217177,0.024760534620565947
XLB,Materials,volume_and_range,1.0,30,319.53333333333336,16.025267405016955,313.79876504078374,325.267901625883,0.12030622489959837,0.006033609715744335,0.11814712539186131,0.12246532440733543
XLE,Energy,all_predictors,0.05,30,0.0,0.0,0.0,0.0,0.0,0.0,0.0,0.0
XLE,Energy,all_predictors,0.1,30,0.06666666666666667,0.2537081317024625,-0.0241216222805411,0.15745495561387443,4.563709382986491e-06,1.7367752717857508e-05,-1.6512611090184213e-06,1.0778679874991404e-05
XLE,Energy,all_predictors,0.2,30,5.033333333333333,1.8842968748696896,4.359046356443622,5.707620310223044,0.0003445600584154801,0.00012899074992262386,0.0002984013113666226,0.00039071880546433756
XLE,Energy,all_predictors,0.5,30,125.93333333333334,12.929339352494157,121.30662866622649,130.5600380004402,0.00862084702446148,0.0008850862097819112,0.008304122991937736,0.008937571056985226
XLE,Energy,all_predictors,1.0,30,692.1666666666666,20.75486371470774,684.7396340707993,699.593699262534,0.04738271266885725,0.0014207874941612637,0.04687429039367465,0.04789113494403985
XLE,Energy,momentum,0.05,30,0.0,0.0,0.0,0.0,0.0,0.0,0.0,0.0
XLE,Energy,momentum,0.1,30,0.0,0.0,0.0,0.0,0.0,0.0,0.0,0.0
XLE,Energy,momentum,0.2,30,0.5,0.7310832774866962,0.23838520903707544,0.7616147909629245,0.0001255020080321285,0.00018350483872658037,5.983564483862335e-05,0.00019116837122563364
XLE,Energy,momentum,0.5,30,6.433333333333334,2.3294713523907515,5.599742715579233,7.266923951087434,0.00161479250334672,0.0005847066647567147,0.001405557910536956,0.0018240270961564842
XLE,Energy,momentum,1.0,30,40.6,5.4240842227211425,38.6590163887064,42.540983611293605,0.010190763052208836,0.0013614669233737806,0.009703568370659239,0.010677957733758434
XLE,Energy,returns,0.05,30,0.0,0.0,0.0,0.0,0.0,0.0,0.0,0.0
XLE,Energy,returns,0.1,30,0.0,0.0,0.0,0.0,0.0,0.0,0.0,0.0
XLE,Energy,returns,0.2,30,0.0,0.0,0.0,0.0,0.0,0.0,0.0,0.0
XLE,Energy,returns,0.5,30,0.0,0.0,0.0,0.0,0.0,0.0,0.0,0.0
XLE,Energy,returns,1.0,30,0.0,0.0,0.0,0.0,0.0,0.0,0.0,0.0
XLE,Energy,volatility,0.05,30,0.0,0.0,0.0,0.0,0.0,0.0,0.0,0.0
XLE,Energy,volatility,0.1,30,0.1,0.30512857662936466,-0.009188858848106482,0.2091888588481065,2.51004016064257e-05,7.658849814994093e-05,-2.306440473922315e-06,5.250724368677371e-05
XLE,Energy,volatility,0.2,30,3.3,1.7449434335263982,2.6755800116595556,3.924419988340444,0.0008283132530120481,0.00043798780962008,0.0006715813282278001,0.000985045177796296
XLE,Energy,volatility,0.5,30,94.7,10.501723996399434,90.9420063313261,98.45799366867391,0.02377008032128514,0.0026359748986946375,0.02282680881810394,0.02471335182446634
XLE,Energy,volatility,1.0,30,440.3666666666667,19.49798103311766,433.389403762071,447.3439295712623,0.11053380187416331,0.004894071544457245,0.10878248086397364,0.11228512288435298
XLE,Energy,volume_and_range,0.05,30,0.0,0.0,0.0,0.0,0.0,0.0,0.0,0.0
XLE,Energy,volume_and_range,0.1,30,0.0,0.0,0.0,0.0,0.0,0.0,0.0,0.0
XLE,Energy,volume_and_range,0.2,30,0.2,0.4068381021724863,0.054414854869191315,0.34558514513080874,7.530120481927712e-05,0.00015317699629988185,2.0487520658581084e-05,0.00013011488897997315
XLE,Energy,volume_and_range,0.5,30,28.9,4.513199033639153,27.284972467406675,30.515027532593322,0.010881024096385543,0.0016992466241111267,0.010272956501282635,0.011489091691488451
XLE,Energy,volume_and_range,1.0,30,213.56666666666666,12.989872270703641,208.91830057297352,218.2150327603598,0.08040913654618473,0.004890765162162516,0.07865899870970387,0.08215927438266558
XLF,Financials,all_predictors,0.05,30,0.1,0.30512857662936466,-0.009188858848106482,0.2091888588481065,6.845564074479737e-06,2.088777222271116e-05,-6.290292201606287e-07,1.4320157369120102e-05
XLF,Financials,all_predictors,0.1,30,2.7666666666666666,1.7554512797005501,2.138486493864376,3.3948468394689573,0.00018939393939393937,0.00012017054214817566,0.00014639146316158103,0.0002323964156262977
XLF,Financials,all_predictors,0.2,30,37.5,5.829473271290439,35.413949780747984,39.586050219252016,0.0025670865279299013,0.0003990603279908571,0.0024242846235451795,0.002709888432314623
XLF,Financials,all_predictors,0.5,30,478.6666666666667,20.277953602344855,471.4102941627424,485.923039170591,0.03276743336984301,0.0013881403068417887,0.03227069374060394,0.033264172999082076
XLF,Financials,all_predictors,1.0,30,1287.9666666666667,23.89558223970935,1279.4157423806264,1296.517590952707,0.08816858342460751,0.0016357873931893041,0.08758322442364637,0.08875394242556865
XLF,Financials,momentum,0.05,30,0.0,0.0,0.0,0.0,0.0,0.0,0.0,0.0
XLF,Financials,momentum,0.1,30,0.0,0.0,0.0,0.0,0.0,0.0,0.0,0.0
XLF,Financials,momentum,0.2,30,0.23333333333333334,0.4301830671520762,0.0793942997725115,0.3872723668941552,5.856760374832663e-05,0.00010797767749801114,1.9928288095509888e-05,9.720691940114337e-05
XLF,Financials,momentum,0.5,30,3.3666666666666667,1.7515182248421004,2.739893919470083,3.9934394138632503,0.0008450468540829986,0.0004396381086451055,0.0006877243773770288,0.0010023693307889684
XLF,Financials,momentum,1.0,30,36.7,5.534531098725403,34.71949348171598,38.68050651828403,0.009211847389558233,0.0013891895328126012,0.008714732299627504,0.009708962479488962
XLF,Financials,returns,0.05,30,0.0,0.0,0.0,0.0,0.0,0.0,0.0,0.0
XLF,Financials,returns,0.1,30,0.0,0.0,0.0,0.0,0.0,0.0,0.0,0.0
XLF,Financials,returns,0.2,30,0.0,0.0,0.0,0.0,0.0,0.0,0.0,0.0
XLF,Financials,returns,0.5,30,0.0,0.0,0.0,0.0,0.0,0.0,0.0,0.0
XLF,Financials,returns,1.0,30,0.0,0.0,0.0,0.0,0.0,0.0,0.0,0.0
XLF,Financials,volatility,0.05,30,0.13333333333333333,0.34574590364176044,0.009609750681461499,0.2570569159852052,3.346720214190093e-05,8.678361035184749e-05,2.4120860144230655e-06,6.45223182693788e-05
XLF,Financials,volatility,0.1,30,2.9,1.6262925893598903,2.3180386709533467,3.481961329046653,0.0007279116465863452,0.00040820597122487204,0.0005818370158015426,0.0008739862773711477
XLF,Financials,volatility,0.2,30,32.06666666666667,5.3429510981087605,30.154716171146976,33.97861716218637,0.008048862115127174,0.001341102183260231,0.007568954862235684,0.008528769368018663
XLF,Financials,volatility,0.5,30,353.3333333333333,17.56040478155199,347.04942318571864,359.617243480948,0.08868808567603749,0.004407732123883533,0.08711079899239926,0.09026537235967572
XLF,Financials,volatility,1.0,30,887.0,25.35540478328315,877.9266849257407,896.0733150742593,0.22264056224899592,0.0063643084295389426,0.22036312372634045,0.2249180007716514
XLF,Financials,volume_and_range,0.05,30,0.0,0.0,0.0,0.0,0.0,0.0,0.0,0.0
XLF,Financials,volume_and_range,0.1,30,0.16666666666666666,0.3790490217894517,0.03102571623889136,0.302307617094442,6.275100401606425e-05,0.00014271424013157066,1.1681369065847658e-05,0.00011382063896628084
XLF,Financials,volume_and_range,0.2,30,6.233333333333333,2.8968869537813355,5.196695650329405,7.269971016337262,0.002346887550200803,0.0010906953892249004,0.0019565872177445044,0.002737187882657102
XLF,Financials,volume_and_range,0.5,30,120.13333333333334,11.503322858270527,116.01692211505015,124.24974455161653,0.045230923694779115,0.0043310703532645056,0.04368107007343756,0.046780777316120674
XLF,Financials,volume_and_range,1.0,30,374.3,19.6014601848768,367.28570755651305,381.314292443487,0.1409262048192771,0.007380067840691565,0.13828528145953048,0.1435671281790237
XLI,Industrials,all_predictors,0.05,30,0.0,0.0,0.0,0.0,0.0,0.0,0.0,0.0
XLI,Industrials,all_predictors,0.1,30,0.23333333333333334,0.4301830671520762,0.0793942997725115,0.3872723668941552,1.597298284045272e-05,2.9448457499457575e-05,5.434987662411792e-06,2.6510978018493647e-05
XLI,Industrials,all_predictors,0.2,30,6.233333333333333,2.387948670004176,5.378816876219179,7.087849790447488,0.0004267068273092369,0.0001634685562708226,0.00036821035571051324,0.0004852032989079606
XLI,Industrials,all_predictors,0.5,30,196.8,15.089160302040987,191.40041333212366,202.19958666787636,0.013472070098576122,0.001032938136777176,0.013102437933469581,0.013841702263682663
XLI,Industrials,all_predictors,1.0,30,904.5333333333333,22.47716593580577,896.4899828029393,912.5766838637273,0.061920408908360716,0.0015386887962627164,0.06136979619406759,0.06247102162265384
XLI,Industrials,momentum,0.05,30,0.0,0.0,0.0,0.0,0.0,0.0,0.0,0.0
XLI,Industrials,momentum,0.1,30,0.0,0.0,0.0,0.0,0.0,0.0,0.0,0.0
XLI,Industrials,momentum,0.2,30,0.2,0.4068381021724863,0.054414854869191315,0.34558514513080874,5.020080321285141e-05,0.00010211799753325459,1.3658347105720716e-05,8.674325931998209e-05
XLI,Industrials,momentum,0.5,30,4.2,1.7888543819998317,3.559866680552663,4.840133319447338,0.0010542168674698795,0.00044900963403610237,0.0008935408334720539,0.0012148929014677051
XLI,Industrials,momentum,1.0,30,41.5,4.345032835874498,39.945149968424715,43.054850031575285,0.010416666666666666,0.001090620691735567,0.010026393064363634,0.010806940268969698
XLI,Industrials,returns,0.05,30,0.0,0.0,0.0,0.0,0.0,0.0,0.0,0.0
XLI,Industrials,returns,0.1,30,0.0,0.0,0.0,0.0,0.0,0.0,0.0,0.0
XLI,Industrials,returns,0.2,30,0.0,0.0,0.0,0.0,0.0,0.0,0.0,0.0
XLI,Industrials,returns,0.5,30,0.0,0.0,0.0,0.0,0.0,0.0,0.0,0.0
XLI,Industrials,returns,1.0,30,0.0,0.0,0.0,0.0,0.0,0.0,0.0,0.0
XLI,Industrials,volatility,0.05,30,0.0,0.0,0.0,0.0,0.0,0.0,0.0,0.0
XLI,Industrials,volatility,0.1,30,0.13333333333333333,0.34574590364176044,0.009609750681461499,0.2570569159852052,3.346720214190093e-05,8.678361035184749e-05,2.4120860144230655e-06,6.45223182693788e-05
XLI,Industrials,volatility,0.2,30,4.333333333333333,2.5234532077995864,3.430327200115871,5.2363394665507945,0.0010876840696117803,0.0006333968895079283,0.0008610259036435419,0.0013143422355800186
XLI,Industrials,volatility,0.5,30,122.6,10.337744701686214,118.9006855683292,126.2993144316708,0.03077309236947791,0.0025948154371702344,0.029844549590444074,0.03170163514851174
XLI,Industrials,volatility,1.0,30,526.1,18.947022329970846,519.3198951352497,532.8801048647504,0.13205321285140564,0.004755778697281836,0.1303513793010165,0.13375504640179478
XLI,Industrials,volume_and_range,0.05,30,0.0,0.0,0.0,0.0,0.0,0.0,0.0,0.0
XLI,Industrials,volume_and_range,0.1,30,0.0,0.0,0.0,0.0,0.0,0.0,0.0,0.0
XLI,Industrials,volume_and_range,0.2,30,1.1666666666666667,1.0199166069132668,0.8016941961780566,1.5316391371552769,0.0004392570281124498,0.00038400474657879024,0.0003018426943441478,0.0005766713618807518
XLI,Industrials,volume_and_range,0.5,30,69.8,8.891685383858182,66.61815124946763,72.98184875053236,0.026280120481927714,0.003347773111392388,0.02508213525958872,0.027478105704266707
XLI,Industrials,volume_and_range,1.0,30,341.8,15.555019147839555,336.23370788513165,347.3662921148684,0.12868975903614457,0.005856558414096219,0.1265940165230164,0.13078550154927274
XLK,Technology,all_predictors,0.05,30,1.5,0.8610338613230188,1.1918829898333703,1.8081170101666297,0.00010268346111719604,5.894262467983426e-05,8.159111376186816e-05,0.0001237758084725239
XLK,Technology,all_predictors,0.1,30,1.8333333333333333,1.0199166069132668,1.4683608628447231,2.198305803821943,0.00012550200803212848,6.981904483250731e-05,0.00010051758371061902,0.00015048643235363794
XLK,Technology,all_predictors,0.2,30,8.366666666666667,2.220334447210885,7.572130188863799,9.161203144469535,0.0005727455275648046,0.00015199441725156657,0.0005183550238816949,0.0006271360312479143
XLK,Technology,all_predictors,0.5,30,156.83333333333334,15.67577382643266,151.22382971169034,162.44283695497634,0.01073612632347572,0.0010730951414589717,0.010352124158795887,0.011120128488155554
XLK,Technology,all_predictors,1.0,30,734.9666666666667,22.188041720762534,727.0267779078795,742.9065554254539,0.05031261409273458,0.001518896612867095,0.04976908392030939,0.050856144265159775
XLK,Technology,momentum,0.05,30,1.6,0.8944271909999159,1.2799333402763315,1.9200666597236686,0.0004016064257028112,0.00022450481701805119,0.0003212684087038984,0.000481944442701724
XLK,Technology,momentum,0.1,30,1.6,0.8944271909999159,1.2799333402763315,1.9200666597236686,0.0004016064257028112,0.00022450481701805119,0.0003212684087038984,0.000481944442701724
XLK,Technology,momentum,0.2,30,1.9,0.9948141396330238,1.544010332062627,2.2559896679373725,0.0004769076305220883,0.0002497023442853975,0.0003875527941924265,0.0005662624668517501
XLK,Technology,momentum,0.5,30,7.666666666666667,2.8202877492386746,6.657439656976517,8.675893676356818,0.0019243641231593033,0.0007079035515157314,0.0016710440906065548,0.002177684155712052
XLK,Technology,momentum,1.0,30,48.0,7.492525010601083,45.31883435882781,50.68116564117219,0.012048192771084338,0.001880653868122762,0.011375209427416618,0.012721176114752058
XLK,Technology,returns,0.05,30,0.0,0.0,0.0,0.0,0.0,0.0,0.0,0.0
XLK,Technology,returns,0.1,30,0.0,0.0,0.0,0.0,0.0,0.0,0.0,0.0
XLK,Technology,returns,0.2,30,0.0,0.0,0.0,0.0,0.0,0.0,0.0,0.0
XLK,Technology,returns,0.5,30,0.0,0.0,0.0,0.0,0.0,0.0,0.0,0.0
XLK,Technology,returns,1.0,30,0.0,0.0,0.0,0.0,0.0,0.0,0.0,0.0
XLK,Technology,volatility,0.05,30,0.06666666666666667,0.2537081317024625,-0.0241216222805411,0.15745495561387443,1.6733601070950466e-05,6.36817599654775e-05,-6.054624066400871e-06,3.95218262083018e-05
XLK,Technology,volatility,0.1,30,0.5,0.6297235299224025,0.27465632887755087,0.7253436711224491,0.0001255020080321285,0.0001580631350206834,6.893984158573061e-05,0.0001820641744785264
XLK,Technology,volatility,0.2,30,5.1,1.9887615276329897,4.388330827213759,5.811669172786241,0.0012801204819277109,0.0004991871304299674,0.0011014886614492366,0.0014587523024061852
XLK,Technology,volatility,0.5,30,97.6,10.467025398347669,93.85442306517238,101.3455769348276,0.024497991967871485,0.0026272654112318447,0.023557837114752102,0.025438146820990867
XLK,Technology,volatility,1.0,30,431.96666666666664,12.234725405464825,427.58852640822295,436.34480692511033,0.10842536813922354,0.0030709652122150664,0.10732643735146158,0.10952429892698551
XLK,Technology,volume_and_range,0.05,30,0.0,0.0,0.0,0.0,0.0,0.0,0.0,0.0
XLK,Technology,volume_and_range,0.1,30,0.0,0.0,0.0,0.0,0.0,0.0,0.0,0.0
XLK,Technology,volume_and_range,0.2,30,1.5333333333333334,1.279367659898984,1.0755174959094096,1.9911491707572573,0.0005773092369477912,0.0004816896309860633,0.0004049388162309524,0.00074967965766463
XLK,Technology,volume_and_range,0.5,30,52.5,8.693041212213444,49.389235153369114,55.610764846630886,0.019766566265060244,0.0032729823841165075,0.018595344560756448,0.02093778796936404
XLK,Technology,volume_and_range,1.0,30,250.36666666666667,15.510804539780146,244.81619654609247,255.91713678724088,0.09426455823293174,0.005839911347808788,0.09217477279596857,0.09635434366989491
XLP,Consumer Staples,all_predictors,0.05,30,0.0,0.0,0.0,0.0,0.0,0.0,0.0,0.0
XLP,Consumer Staples,all_predictors,0.1,30,0.26666666666666666,0.4497764451088036,0.10571623285055709,0.42761710048277624,1.8254837531945966e-05,3.078973474184033e-05,7.236872456911083e-06,2.927280260698085e-05
XLP,Consumer Staples,all_predictors,0.2,30,2.0,1.5312829869775528,1.4520374205242232,2.5479625794757768,0.0001369112814895947,0.0001048249580351556,9.940015200740845e-05,0.00017442241097178097
XLP,Consumer Staples,all_predictors,0.5,30,118.86666666666666,11.578021191578623,114.72352499310503,123.00980834022829,0.008137093829864914,0.000792580859226357,0.007853472411904781,0.008420715247825047
XLP,Consumer Staples,all_predictors,1.0,30,726.7,19.7591532695871,719.6292778108696,733.7707221891305,0.049746714129244245,0.001352625497644243,0.04926268331125886,0.05023074494722963
XLP,Consumer Staples,momentum,0.05,30,0.0,0.0,0.0,0.0,0.0,0.0,0.0,0.0
XLP,Consumer Staples,momentum,0.1,30,0.0,0.0,0.0,0.0,0.0,0.0,0.0,0.0
XLP,Consumer Staples,momentum,0.2,30,0.0,0.0,0.0,0.0,0.0,0.0,0.0,0.0
XLP,Consumer Staples,momentum,0.5,30,1.7333333333333334,1.112106833535071,1.33537101393257,2.1312956527340967,0.00043507362784471216,0.00027914328150980704,0.0003351834874328739,0.0005349637682565503
XLP,Consumer Staples,momentum,1.0,30,26.333333333333332,3.506971709996053,25.078379624123095,27.58828704254357,0.006609772423025434,0.0008802639834327444,0.006294774002038928,0.0069247708440119396
XLP,Consumer Staples,returns,0.05,30,0.0,0.0,0.0,0.0,0.0,0.0,0.0,0.0
XLP,Consumer Staples,returns,0.1,30,0.0,0.0,0.0,0.0,0.0,0.0,0.0,0.0
XLP,Consumer Staples,returns,0.2,30,0.0,0.0,0.0,0.0,0.0,0.0,0.0,0.0
XLP,Consumer Staples,returns,0.5,30,0.0,0.0,0.0,0.0,0.0,0.0,0.0,0.0
XLP,Consumer Staples,returns,1.0,30,0.0,0.0,0.0,0.0,0.0,0.0,0.0,0.0
XLP,Consumer Staples,volatility,0.05,30,0.0,0.0,0.0,0.0,0.0,0.0,0.0,0.0
XLP,Consumer Staples,volatility,0.1,30,0.1,0.30512857662936466,-0.009188858848106482,0.2091888588481065,2.51004016064257e-05,7.658849814994093e-05,-2.306440473922315e-06,5.250724368677371e-05
XLP,Consumer Staples,volatility,0.2,30,1.5333333333333334,1.0416609195243756,1.1605797605085517,1.9060869061581152,0.0003848728246318607,0.00026146107417780517,0.00029131018085054,0.00047843546841318143
XLP,Consumer Staples,volatility,0.5,30,66.43333333333334,9.000702399155353,63.212473344893276,69.65419332177339,0.01667503346720214,0.002259212449587187,0.01586658467492301,0.01748348225948127
XLP,Consumer Staples,volatility,1.0,30,399.8,21.05395367899439,392.2659394349593,407.3340605650407,0.10035140562248994,0.005284626927458431,0.09846032616339338,0.1022424850815865
XLP,Consumer Staples,volume_and_range,0.05,30,0.0,0.0,0.0,0.0,0.0,0.0,0.0,0.0
XLP,Consumer Staples,volume_and_range,0.1,30,0.0,0.0,0.0,0.0,0.0,0.0,0.0,0.0
XLP,Consumer Staples,volume_and_range,0.2,30,0.4,0.6746646676632055,0.1585743492758356,0.6414256507241645,0.00015060240963855423,0.0002540153116201828,5.970419776951643e-05,0.00024150062150759204
XLP,Consumer Staples,volume_and_range,0.5,30,51.43333333333333,8.970001089198925,48.22345966756522,54.64320699910144,0.019364959839357432,0.003377259446234534,0.018156423067607393,0.02057349661110747
XLP,Consumer Staples,volume_and_range,1.0,30,305.3,16.780838826594394,299.2950539466663,311.3049460533337,0.1149472891566265,0.006318086907603312,0.11268639079317254,0.11720818752008046
XLU,Utilities,all_predictors,0.05,30,0.5333333333333333,0.5074162634049248,0.3517567554389178,0.7149099112277488,3.6509675063891924e-05,3.473550543571501e-05,2.40797340798821e-05,4.893961604790175e-05
XLU,Utilities,all_predictors,0.1,30,0.9,0.8030115728972383,0.6126459990898326,1.1873540009101675,6.161007667031762e-05,5.497067174816801e-05,4.193907441743103e-05,8.128107892320422e-05
XLU,Utilities,all_predictors,0.2,30,5.066666666666666,1.7991057804352144,4.422864931402228,5.710468401931105,0.00034684191310697336,0.00012315893896736136,0.00030277005280683383,0.0003909137734071129
XLU,Utilities,all_predictors,0.5,30,125.76666666666667,7.370413048516829,123.12919822992865,128.40413510340468,0.008609437751004015,0.0005045463477900348,0.008428888159222936,0.008789987342785095
XLU,Utilities,all_predictors,1.0,30,731.1333333333333,22.158882913044668,723.2038789198809,739.0627877467857,0.05005020080321286,0.0015169005280014152,0.04950738492058332,0.0505930166858424
XLU,Utilities,momentum,0.05,30,0.5,0.5085476277156078,0.31801856858648914,0.6819814314135109,0.0001255020080321285,0.00012764749691656822,7.982393789821514e-05,0.00017118007816604186
XLU,Utilities,momentum,0.1,30,0.5333333333333333,0.571346463723366,0.32887962706303153,0.7377870396036351,0.00013386880856760373,0.00014341025695867616,8.255010719453602e-05,0.00018518750994067144
XLU,Utilities,momentum,0.2,30,1.0,0.8709883407113854,0.6883208251326742,1.3116791748673258,0.000251004016064257,0.00021862157146370113,0.0001727712914489644,0.0003292367406795496
XLU,Utilities,momentum,0.5,30,6.6,2.0103182112155347,5.88061686706316,7.3193831329368395,0.0016566265060240966,0.0005045979445822125,0.0014760584505680626,0.0018371945614801305
XLU,Utilities,momentum,1.0,30,37.7,6.644416894059927,35.32232595062791,40.07767404937209,0.009462851405622492,0.0016677753248142385,0.008866045670338333,0.01005965714090665
XLU,Utilities,returns,0.05,30,0.0,0.0,0.0,0.0,0.0,0.0,0.0,0.0
XLU,Utilities,returns,0.1,30,0.0,0.0,0.0,0.0,0.0,0.0,0.0,0.0
XLU,Utilities,returns,0.2,30,0.0,0.0,0.0,0.0,0.0,0.0,0.0,0.0
XLU,Utilities,returns,0.5,30,0.0,0.0,0.0,0.0,0.0,0.0,0.0,0.0
XLU,Utilities,returns,1.0,30,0.0,0.0,0.0,0.0,0.0,0.0,0.0,0.0
XLU,Utilities,volatility,0.05,30,0.0,0.0,0.0,0.0,0.0,0.0,0.0,0.0
XLU,Utilities,volatility,0.1,30,0.13333333333333333,0.34574590364176044,0.009609750681461499,0.2570569159852052,3.346720214190093e-05,8.678361035184749e-05,2.4120860144230655e-06,6.45223182693788e-05
XLU,Utilities,volatility,0.2,30,3.6666666666666665,1.3217891045025334,3.1936705102502803,4.139662823083053,0.0009203480589022757,0.0003317743736201138,0.0008016241240588054,0.0010390719937457462
XLU,Utilities,volatility,0.5,30,79.6,8.99271736002202,76.38199742111645,82.81800257888354,0.019979919678714864,0.00225720817269629,0.01917218810770996,0.02078765124971977
XLU,Utilities,volatility,1.0,30,422.7,19.497391514304393,415.7229480520024,429.6770519479976,0.10609939759036145,0.004893923572867567,0.1043481295311251,0.1078506656495978
XLU,Utilities,volume_and_range,0.05,30,0.0,0.0,0.0,0.0,0.0,0.0,0.0,0.0
XLU,Utilities,volume_and_range,0.1,30,0.0,0.0,0.0,0.0,0.0,0.0,0.0,0.0
XLU,Utilities,volume_and_range,0.2,30,0.2,0.4842341981115023,0.026719017631551073,0.373280982368449,7.530120481927712e-05,0.00018231709266246322,1.0059871096216515e-05,0.00014054253854233772
XLU,Utilities,volume_and_range,0.5,30,41.03333333333333,6.955441101723184,38.544360700642585,43.52230596602408,0.015449297188755021,0.0026187654750463797,0.014512183998735913,0.016386410378774127
XLU,Utilities,volume_and_range,1.0,30,277.2,15.957702712548226,271.4896094221389,282.91039057786105,0.10436746987951807,0.006008171202013638,0.10221747342701015,0.106517466332026
XLV,Health Care,all_predictors,0.05,30,0.06666666666666667,0.2537081317024624,-0.024121622280541086,0.1574549556138744,4.563709382986491e-06,1.7367752717857508e-05,-1.6512611090184213e-06,1.0778679874991404e-05
XLV,Health Care,all_predictors,0.1,30,0.4,0.6214554662658655,0.1776150174589792,0.6223849825410208,2.7382256297918947e-05,4.2542132137586626e-05,1.2158749826052792e-05,4.26057627697851e-05
XLV,Health Care,all_predictors,0.2,30,6.3,2.8057822069974443,5.295963731936835,7.3040362680631645,0.00043127053669222336,0.0001920716187703617,0.0003625385906309443,0.0005000024827535024
XLV,Health Care,all_predictors,0.5,30,171.06666666666666,14.474551588155016,165.88701490245825,176.24631843087508,0.011710478276743336,0.0009908647034607761,0.011355901896389528,0.012065054657097144
XLV,Health Care,all_predictors,1.0,30,845.9666666666667,21.769138758776162,838.1766804076475,853.7566529256859,0.057911190215407075,0.0014902203421944256,0.057377921714652745,0.058444458716161406
XLV,Health Care,momentum,0.05,30,0.13333333333333333,0.34574590364176044,0.009609750681461499,0.2570569159852052,3.346720214190093e-05,8.678361035184749e-05,2.4120860144230655e-06,6.45223182693788e-05
XLV,Health Care,momentum,0.1,30,0.3,0.534983080621924,0.10855876325504799,0.491441236744952,7.530120481927709e-05,0.00013428290176253113,2.7248685555985923e-05,0.00012335372408256825
XLV,Health Care,momentum,0.2,30,0.8,0.8051557998728976,0.5118786973209526,1.0881213026790475,0.00020080321285140558,0.0002020973393255265,0.00012848360876529927,0.0002731228169375119
XLV,Health Care,momentum,0.5,30,4.966666666666667,1.8842968748696896,4.292379689776956,5.640953643556378,0.0012466532797858099,0.0004729660830496208,0.0010774045406066657,0.001415902018964954
XLV,Health Care,momentum,1.0,30,36.233333333333334,4.485096649351381,34.62836210980548,37.83830455686119,0.00909471218206158,0.0011257772714235396,0.008691857959288526,0.009497566404834635
XLV,Health Care,returns,0.05,30,0.0,0.0,0.0,0.0,0.0,0.0,0.0,0.0
XLV,Health Care,returns,0.1,30,0.0,0.0,0.0,0.0,0.0,0.0,0.0,0.0
XLV,Health Care,returns,0.2,30,0.0,0.0,0.0,0.0,0.0,0.0,0.0,0.0
XLV,Health Care,returns,0.5,30,0.0,0.0,0.0,0.0,0.0,0.0,0.0,0.0
XLV,Health Care,returns,1.0,30,0.0,0.0,0.0,0.0,0.0,0.0,0.0,0.0
XLV,Health Care,volatility,0.05,30,0.0,0.0,0.0,0.0,0.0,0.0,0.0,0.0
XLV,Health Care,volatility,0.1,30,0.43333333333333335,0.6260623155792925,0.20929981093749167,0.657366855729175,0.00010876840696117804,0.00015714415551689066,5.253509310680011e-05,0.00016500172081555597
XLV,Health Care,volatility,0.2,30,5.3,2.086904984371139,4.553210642264108,6.046789357735892,0.0013303212851405624,0.0005238215322216714,0.0011428741571948063,0.0015177684130863185
XLV,Health Care,volatility,0.5,30,102.76666666666667,8.447335157572939,99.74382660248202,105.78950673085131,0.025794846050870145,0.0021203150495916006,0.025036101054839863,0.026553591046900426
XLV,Health Care,volatility,1.0,30,477.43333333333334,16.800417345664535,471.4213811969286,483.44528546973805,0.11983768406961177,0.004216972225317401,0.1183286599389881,0.12134670820023545
XLV,Health Care,volume_and_range,0.05,30,0.0,0.0,0.0,0.0,0.0,0.0,0.0,0.0
XLV,Health Care,volume_and_range,0.1,30,0.0,0.0,0.0,0.0,0.0,0.0,0.0,0.0
XLV,Health Care,volume_and_range,0.2,30,0.7666666666666667,0.7738543627276672,0.4897464394160442,1.0435868939172892,0.0002886546184738956,0.00029136082934023614,0.00018439248471989613,0.00039291675222789504
XLV,Health Care,volume_and_range,0.5,30,64.53333333333333,6.765701193791976,62.11225825469606,66.9544084119706,0.024297188755020085,0.0025473272566987858,0.023385639403123524,0.025208738106916647
XLV,Health Care,volume_and_range,1.0,30,340.1333333333333,17.989907771003036,333.69572751483764,346.570939151829,0.12806224899598392,0.006773308648721021,0.12563845162456236,0.1304860463674055
XLY,Consumer Discretionary,all_predictors,0.05,30,0.0,0.0,0.0,0.0,0.0,0.0,0.0,0.0
XLY,Consumer Discretionary,all_predictors,0.1,30,0.16666666666666666,0.3790490217894517,0.03102571623889136,0.302307617094442,1.1409273457466229e-05,2.5948043660285578e-05,2.123885284699575e-06,2.0694661630232883e-05
XLY,Consumer Discretionary,all_predictors,0.2,30,4.933333333333334,2.1803722132942682,4.153097157280559,5.713569509386108,0.0003377144943410004,0.00014925877692321116,0.0002843029269770372,0.0003911260617049636
XLY,Consumer Discretionary,all_predictors,0.5,30,132.6,15.320934517279245,127.11747399438006,138.08252600561994,0.00907721796276013,0.0010488043891894335,0.008701908132145404,0.009452527793374858
XLY,Consumer Discretionary,all_predictors,1.0,30,698.0,18.83320618408915,691.2606237199814,704.7393762800186,0.047782037239868576,0.0012892391966107034,0.047320688918399606,0.048243385561337546
XLY,Consumer Discretionary,momentum,0.05,30,0.0,0.0,0.0,0.0,0.0,0.0,0.0,0.0
XLY,Consumer Discretionary,momentum,0.1,30,0.0,0.0,0.0,0.0,0.0,0.0,0.0,0.0
XLY,Consumer Discretionary,momentum,0.2,30,0.16666666666666666,0.3790490217894517,0.03102571623889136,0.302307617094442,4.183400267737617e-05,9.514282675438044e-05,7.78757937723177e-06,7.588042597752058e-05
XLY,Consumer Discretionary,momentum,0.5,30,5.466666666666667,2.2396633572979194,4.665213427220249,6.268119906113085,0.0013721552878179384,0.0005621644973137349,0.001170987306029179,0.0015733232696066978
XLY,Consumer Discretionary,momentum,1.0,30,39.2,6.133008487149539,37.00533109872881,41.394668901271196,0.009839357429718873,0.0015394097608307073,0.009288486721568474,0.010390228137869273
XLY,Consumer Discretionary,returns,0.05,30,0.0,0.0,0.0,0.0,0.0,0.0,0.0,0.0
XLY,Consumer Discretionary,returns,0.1,30,0.0,0.0,0.0,0.0,0.0,0.0,0.0,0.0
XLY,Consumer Discretionary,returns,0.2,30,0.0,0.0,0.0,0.0,0.0,0.0,0.0,0.0
XLY,Consumer Discretionary,returns,0.5,30,0.0,0.0,0.0,0.0,0.0,0.0,0.0,0.0
XLY,Consumer Discretionary,returns,1.0,30,0.0,0.0,0.0,0.0,0.0,0.0,0.0,0.0
XLY,Consumer Discretionary,volatility,0.05,30,0.0,0.0,0.0,0.0,0.0,0.0,0.0,0.0
XLY,Consumer Discretionary,volatility,0.1,30,0.23333333333333334,0.5040069329937308,0.05297676865808809,0.4136898980085786,5.8567603748326646e-05,0.00012650776430565532,1.3297381691287177e-05,0.00010383782580536611
XLY,Consumer Discretionary,volatility,0.2,30,3.8666666666666667,1.8888663510036974,3.190744523742632,4.542588809590701,0.000970548862115127,0.0004741130399105666,0.0008008896896944356,0.0011402080345358184
XLY,Consumer Discretionary,volatility,0.5,30,66.0,7.943767889097847,63.1573591685632,68.84264083143681,0.016566265060240965,0.001993917642845845,0.015852750795322088,0.017279779325159842
XLY,Consumer Discretionary,volatility,1.0,30,347.26666666666665,14.713196828682074,342.00161679989264,352.53171653344066,0.087165327978581,0.0036930714931430898,0.08584377931724214,0.08848687663991985
XLY,Consumer Discretionary,volume_and_range,0.05,30,0.0,0.0,0.0,0.0,0.0,0.0,0.0,0.0
XLY,Consumer Discretionary,volume_and_range,0.1,30,0.0,0.0,0.0,0.0,0.0,0.0,0.0,0.0
XLY,Consumer Discretionary,volume_and_range,0.2,30,0.9,1.0288929437289247,0.5318153886350259,1.2681846113649742,0.00033885542168674704,0.00038738439146420367,0.00020023169752824774,0.0004774791458452463
XLY,Consumer Discretionary,volume_and_range,0.5,30,60.666666666666664,9.203947179235707,57.37307646773975,63.96025686559358,0.02284136546184739,0.0034653415584471794,0.021601308911046592,0.024081422012648186
XLY,Consumer Discretionary,volume_and_range,1.0,30,312.76666666666665,18.26940788224446,306.2290430178796,319.3042903154537,0.11775853413654618,0.006878542124339032,0.11529707944950285,0.1202199888235895
