model,feature_group,noise_intensity,metric,seed_count,clean_performance,mean_noisy_performance,std_noisy_performance,noisy_performance_ci95_lower,noisy_performance_ci95_upper,mean_performance_degradation,std_performance_degradation,degradation_ci95_lower,degradation_ci95_upper
Logistic Regression,returns,0.05,accuracy,30,0.848644578313253,0.8487700803212849,0.0003995998723684029,0.8486270853434242,0.8489130752991455,-0.00012550200803213007,0.0003995998723684028,-0.00026849698589273834,1.749296982847816e-05
Logistic Regression,returns,0.05,balanced_accuracy,30,0.7085862634080593,0.7094163165212477,0.001361390693569628,0.7089291491181832,0.7099034839243122,-0.0008300531131884818,0.001361390693569628,-0.0013172205162529983,-0.00034288571012396524
Logistic Regression,returns,0.05,precision,30,0.4230769230769231,0.42363490310858726,0.0013552863131997923,0.4231499201299838,0.4241198860871907,-0.0005579800316642421,0.0013552863131997923,-0.0010429630102677002,-7.299705306078411e-05
Logistic Regression,returns,0.05,recall,30,0.5207100591715976,0.5224852071005918,0.0027579384597597716,0.5214982914975991,0.5234721227035845,-0.0017751479289940919,0.002757938459759771,-0.0027620635319867927,-0.0007882323260013913
Logistic Regression,returns,0.05,f1_score,30,0.46684350132625996,0.4678951245627011,0.001864930138749828,0.4672277678833269,0.4685624812420753,-0.0010516232364411072,0.001864930138749828,-0.0017189799158152603,-0.00038426655706695406
Logistic Regression,returns,0.05,roc_auc,30,0.8054535893521757,0.8054769040167592,0.00014623137229620496,0.8054245757922278,0.8055292322412906,-2.3314664583651278e-05,0.00014623137229620496,-7.564288911507537e-05,2.9013559947772813e-05
Logistic Regression,returns,0.05,average_precision,30,0.3874020618937343,0.3874954233865115,0.00035185229867376903,0.387369514658461,0.387621332114562,-9.33614927772645e-05,0.00035185229867376903,-0.00021927022082779448,3.254723527326548e-05
Random Forest,returns,0.05,accuracy,30,0.858433734939759,0.8569779116465862,0.001026273173887151,0.8566106645078193,0.8573451587853531,0.001455823293172709,0.001026273173887151,0.0010885761544057715,0.0018230704319396464
Random Forest,returns,0.05,balanced_accuracy,30,0.6510152089895901,0.6496757219462469,0.0013166704871100414,0.6492045574635404,0.6501468864289534,0.001339487043343135,0.0013166704871100411,0.0008683225606366983,0.0018106515260495715
Random Forest,returns,0.05,precision,30,0.43448275862068964,0.42860011387000135,0.00410669740405717,0.4271305510773687,0.430069676662634,0.00588264475068837,0.004106697404057171,0.0044130819580556905,0.00735220754332105
Random Forest,returns,0.05,recall,30,0.3727810650887574,0.3715976331360947,0.002407326048357919,0.37073618257319046,0.3724590836989989,0.001183431952662728,0.0024073260483579192,0.0003219813897585303,0.0020448825155669256
Random Forest,returns,0.05,f1_score,30,0.4012738853503185,0.39806009866173214,0.0026164098293094515,0.397123828428714,0.39899636889475026,0.003213786688586347,0.0026164098293094506,0.0022775164555682093,0.004150056921604485
Random Forest,returns,0.05,roc_auc,30,0.7915362662160299,0.7909460818599997,0.0014034122658807937,0.7904438772304049,0.7914482864895945,0.0005901843560302063,0.0014034122658807937,8.79797264353386e-05,0.0010923889856250739
Random Forest,returns,0.05,average_precision,30,0.3998756330234307,0.39852163632895093,0.0014494805577052157,0.39800294637284567,0.3990403262850562,0.0013539966944797976,0.001449480557705216,0.0008353067383745249,0.0018726866505850703
Logistic Regression,returns,0.1,accuracy,30,0.848644578313253,0.8489206827309235,0.0006701189658616228,0.848680883738698,0.849160481723149,-0.0002761044176706862,0.0006701189658616227,-0.0005159034098961236,-3.630542544524873e-05
Logistic Regression,returns,0.1,balanced_accuracy,30,0.7085862634080593,0.7098395542644564,0.0015455715977799177,0.7092864785712721,0.7103926299576407,-0.0012532908563970527,0.0015455715977799177,-0.0018063665495813828,-0.0007002151632127225
Logistic Regression,returns,0.1,precision,30,0.4230769230769231,0.42414205970619956,0.0020626556191319922,0.4234039478723702,0.42488017154002894,-0.001065136629276503,0.0020626556191319922,-0.001803248463105909,-0.00032702479544709695
Logistic Regression,returns,0.1,recall,30,0.5207100591715976,0.5232741617357002,0.002982289544341618,0.5222069631281544,0.524341360343246,-0.002564102564102577,0.002982289544341618,-0.0036313011716484125,-0.0014969039565567415
Logistic Regression,returns,0.1,f1_score,30,0.46684350132625996,0.46852006951711533,0.0022835041365382013,0.46770292805629965,0.469337210977931,-0.0016765681908553617,0.0022835041365382018,-0.0024937096516710706,-0.0008594267300396528
Logistic Regression,returns,0.1,roc_auc,30,0.8054535893521757,0.8054302746875922,0.0003092549845244226,0.8053196092126429,0.8055409401625415,2.331466458370309e-05,0.0003092549845244226,-8.735081036565595e-05,0.00013398013953306212
Logistic Regression,returns,0.1,average_precision,30,0.3874020618937343,0.3873001724408923,0.0004604857787381042,0.38713538972125455,0.3874649551605301,0.00010188945284199483,0.0004604857787381042,-6.289326679579757e-05,0.0002666721724797872
Random Forest,returns,0.1,accuracy,30,0.858433734939759,0.8565763052208832,0.0011821012842845042,0.8561532957089597,0.8569993147328068,0.0018574297188755251,0.0011821012842845042,0.0014344202069520044,0.002280439230799046
Random Forest,returns,0.1,balanced_accuracy,30,0.6510152089895901,0.6491086820747669,0.0020062778682739843,0.6483907447599833,0.6498266193895506,0.001906526914823196,0.0020062778682739843,0.00118858960003953,0.0026244642296068617
Random Forest,returns,0.1,precision,30,0.43448275862068964,0.42691452389559825,0.004821861565444195,0.4251890428945384,0.4286400048966581,0.007568234725091385,0.004821861565444195,0.005842753724031559,0.009293715726151211
Random Forest,returns,0.1,recall,30,0.3727810650887574,0.3708086785009862,0.003910618652374367,0.36940928158851166,0.37220807541346074,0.001972386587771215,0.003910618652374367,0.0005729896752966973,0.0033717835002457326
Random Forest,returns,0.1,f1_score,30,0.4012738853503185,0.396876322058235,0.0037051334165158012,0.3955504570930509,0.39820218702341903,0.00439756329208355,0.003705133416515801,0.0030716983268995164,0.005723428257267584
Random Forest,returns,0.1,roc_auc,30,0.7915362662160299,0.7916458621575764,0.002113131510300458,0.7908896877580676,0.7924020365570852,-0.00010959594154657341,0.0021131315103004576,-0.0008657703410553671,0.0006465784579622202
Random Forest,returns,0.1,average_precision,30,0.3998756330234307,0.40070399077594754,0.0027447386877449075,0.39972179865070734,0.40168618290118774,-0.0008283577525168784,0.0027447386877449075,-0.0018105498777570878,0.00015383437272333087
Logistic Regression,returns,0.2,accuracy,30,0.848644578313253,0.8488202811244977,0.0011977117769382348,0.8483916854695202,0.8492488767794752,-0.0001757028112449821,0.0011977117769382348,-0.0006042984662225112,0.00025289284373254694
Logistic Regression,returns,0.2,balanced_accuracy,30,0.7085862634080593,0.7102032289959549,0.0017126096450732914,0.709590379505214,0.7108160784866958,-0.001616965587895521,0.0017126096450732914,-0.002229815078636459,-0.0010041160971545832
Logistic Regression,returns,0.2,precision,30,0.4230769230769231,0.42400966931184225,0.0033505767541688342,0.42281068081882056,0.42520865780486394,-0.0009327462349191332,0.0033505767541688342,-0.0021317347279407985,0.00026624225810253216
Logistic Regression,returns,0.2,recall,30,0.5207100591715976,0.5242603550295857,0.00333279199985236,0.5230677307291617,0.5254529793300097,-0.0035502958579881837,0.00333279199985236,-0.004742920158412219,-0.002357671557564148
Logistic Regression,returns,0.2,f1_score,30,0.46684350132625996,0.4688280606013382,0.0027921810699915784,0.46782889143764494,0.46982722976503144,-0.0019845592750781997,0.002792181069991578,-0.0029837284387714213,-0.0009853901113849781
Logistic Regression,returns,0.2,roc_auc,30,0.8054535893521757,0.8052978746215621,0.0006294057642983062,0.8050726446614078,0.8055231045817164,0.00015571473061355424,0.0006294057642983062,-6.951522954068762e-05,0.0003809446907677961
Logistic Regression,returns,0.2,average_precision,30,0.3874020618937343,0.38712824839442544,0.0006972793610234941,0.3868787301796141,0.3873777666092368,0.0002738134993088522,0.0006972793610234941,2.429528449748614e-05,0.0005233317141202183
Random Forest,returns,0.2,accuracy,30,0.858433734939759,0.8567269076305221,0.001249642265480508,0.8562797288888799,0.8571740863721642,0.001706827309236969,0.001249642265480508,0.0012596485675948205,0.0021540060508791177
Random Forest,returns,0.2,balanced_accuracy,30,0.6510152089895901,0.6497846371676596,0.0023690990786479106,0.648936865950184,0.6506324083851351,0.0012305718219304041,0.0023690990786479106,0.00038280060445482884,0.002078343039405979
Random Forest,returns,0.2,precision,30,0.43448275862068964,0.42773264480690804,0.005036985068779079,0.42593018284883655,0.4295351067649795,0.006750113813781505,0.005036985068779079,0.004947651855709991,0.008552575771853019
Random Forest,returns,0.2,recall,30,0.3727810650887574,0.372189349112426,0.004999187999778514,0.37040041266178997,0.37397828556306206,0.0005917159763313732,0.004999187999778514,-0.0011972204743046714,0.0023806524269674176
Random Forest,returns,0.2,f1_score,30,0.4012738853503185,0.39801220174238733,0.004141538337872401,0.39653017128170953,0.3994942322030651,0.0032616836079311967,0.0041415383378724,0.0017796531472534219,0.004743714068608971
Random Forest,returns,0.2,roc_auc,30,0.7915362662160299,0.7911666351833604,0.002623314433740074,0.7902278941693787,0.7921053761973421,0.00036963103266944114,0.0026233144337400737,-0.0005691099813122675,0.0013083720466511499
Random Forest,returns,0.2,average_precision,30,0.3998756330234307,0.40276973068412153,0.004527244460967627,0.40114967705990817,0.4043897843083349,-0.0028940976606908514,0.0045272444609676275,-0.0045141512849042114,-0.0012740440364774912
Logistic Regression,returns,0.5,accuracy,30,0.848644578313253,0.8488202811244978,0.0016388666056274348,0.8482338202415171,0.8494067420074786,-0.0001757028112449821,0.0016388666056274348,-0.0007621636942257739,0.0004107580717358097
Logistic Regression,returns,0.5,balanced_accuracy,30,0.7085862634080593,0.7125619242596744,0.003876683671601842,0.7111746708241121,0.7139491776952366,-0.0039756608516150075,0.003876683671601842,-0.005362914287177216,-0.002588407416052799
Logistic Regression,returns,0.5,precision,30,0.4230769230769231,0.42467410526958244,0.004923978116735241,0.4229120823299466,0.4264361282092183,-0.0015971821926593522,0.004923978116735241,-0.0033592051322951814,0.00016484074697647685
Logistic Regression,returns,0.5,recall,30,0.5207100591715976,0.5297830374753452,0.007728062389850208,0.5270175858654828,0.5325484890852076,-0.009072978303747552,0.0077280623898502085,-0.011838429913610005,-0.0063075266938851
Logistic Regression,returns,0.5,f1_score,30,0.46684350132625996,0.4714268060189485,0.005536588525859608,0.46944556325981995,0.473408048778077,-0.004583304692688491,0.005536588525859608,-0.006564547451817044,-0.002602061933559937
Logistic Regression,returns,0.5,roc_auc,30,0.8054535893521757,0.8045466999538813,0.001454045035259581,0.8040263766204604,0.8050670232873022,0.0009068893982945154,0.001454045035259581,0.0003865660648736715,0.0014272127317153595
Logistic Regression,returns,0.5,average_precision,30,0.3874020618937343,0.38672759519768773,0.0017929835393395448,0.386085984278263,0.38736920611711245,0.0006744666960465791,0.001792983539339545,3.2855776621855295e-05,0.001316077615471303
Random Forest,returns,0.5,accuracy,30,0.858433734939759,0.8587098393574295,0.0018283471039475681,0.8580555737489324,0.8593641049659266,-0.00027610441767067875,0.0018283471039475681,-0.0009303700261678116,0.00037816119082645415
Random Forest,returns,0.5,balanced_accuracy,30,0.6510152089895901,0.653279369244724,0.00394724909593244,0.6518668642963671,0.6546918741930808,-0.0022641602551339143,0.00394724909593244,-0.0036766652034908405,-0.0008516553067769881
Random Forest,returns,0.5,precision,30,0.43448275862068964,0.43636735795239967,0.007824722094490663,0.43356731711145674,0.4391673987933426,-0.0018845993317099462,0.007824722094490663,-0.004684640172652862,0.0009154415092329695
Random Forest,returns,0.5,recall,30,0.3727810650887574,0.37771203155818545,0.007936167766744391,0.3748721103956045,0.3805519527207664,-0.0049309664694279975,0.007936167766744391,-0.0077708876320089805,-0.0020910453068470145
Random Forest,returns,0.5,f1_score,30,0.4012738853503185,0.40489192213166497,0.0069914757997143915,0.402390054647905,0.40739378961542494,-0.0036180367813464713,0.006991475799714392,-0.006119904265106432,-0.0011161692975865099
Random Forest,returns,0.5,roc_auc,30,0.7915362662160299,0.7897680956684074,0.004960596092285762,0.7879929691545084,0.7915432221823064,0.0017681705476222831,0.004960596092285762,-6.955966276751867e-06,0.0035432970615213184
Random Forest,returns,0.5,average_precision,30,0.3998756330234307,0.4017201668571449,0.006781934455091514,0.3992932827805558,0.404147050933734,-0.0018445338337142124,0.006781934455091514,-0.004271417910303297,0.0005823502428748718
Logistic Regression,returns,1.0,accuracy,30,0.848644578313253,0.8476656626506024,0.002518119872210521,0.8467645650270147,0.8485667602741901,0.0009789156626506073,0.002518119872210521,7.781803906294451e-05,0.0018800132862382699
Logistic Regression,returns,1.0,balanced_accuracy,30,0.7085862634080593,0.7132482603346078,0.0046562169309794675,0.7115820545047276,0.714914466164488,-0.004661996926548676,0.0046562169309794675,-0.00632820275642883,-0.0029957910966685224
Logistic Regression,returns,1.0,precision,30,0.4230769230769231,0.422038461910813,0.007219500875775886,0.41945499670153374,0.4246219271200923,0.0010384611661100088,0.007219500875775886,-0.0015450040431692843,0.0036219263753893022
Logistic Regression,returns,1.0,recall,30,0.5207100591715976,0.5329388560157792,0.00878115051748487,0.5297965616591864,0.5360811503723719,-0.012228796844181473,0.00878115051748487,-0.015371091200774229,-0.009086502487588717
Logistic Regression,returns,1.0,f1_score,30,0.46684350132625996,0.4710248784843673,0.007138209912324839,0.4684705028727649,0.4735792540959697,-0.004181377158107343,0.0071382099123248385,-0.006735752769709705,-0.0016270015465049818
Logistic Regression,returns,1.0,roc_auc,30,0.8054535893521757,0.8024873513690134,0.0028889645113948613,0.8014535486956078,0.803521154042419,0.0029662379831624083,0.0028889645113948613,0.001932435309756809,0.004000040656568007
Logistic Regression,returns,1.0,average_precision,30,0.3874020618937343,0.3847429641732283,0.0036617514027119493,0.3834326232623105,0.3860533050841461,0.0026590977205059744,0.0036617514027119493,0.0013487568095881825,0.003969438631423766
Random Forest,returns,1.0,accuracy,30,0.858433734939759,0.8609186746987951,0.002900605052068711,0.8598807065114066,0.8619566428861837,-0.0024849397590361384,0.00290060505206871,-0.0035229079464247047,-0.001446971571647572
Random Forest,returns,1.0,balanced_accuracy,30,0.6510152089895901,0.6598518923168822,0.0059182535901868795,0.6577340724685264,0.661969712165238,-0.008836683327291954,0.0059182535901868795,-0.01095450317564773,-0.006718863478936178
Random Forest,returns,1.0,precision,30,0.43448275862068964,0.44690005699568874,0.012582759545212393,0.4423973743198189,0.4514027396715586,-0.012417298374999134,0.012582759545212393,-0.016919981050868966,-0.007914615699129303
Random Forest,returns,1.0,recall,30,0.3727810650887574,0.3901380670611439,0.010980562129690521,0.3862087233670985,0.3940674107551893,-0.017357001972386578,0.01098056212969052,-0.021286345666431974,-0.013427658278341182
Random Forest,returns,1.0,f1_score,30,0.4012738853503185,0.41654965856685866,0.010883639947070152,0.41265499803043254,0.4204443191032848,-0.015275773216540334,0.010883639947070155,-0.019170433752966443,-0.011381112680114224
Random Forest,returns,1.0,roc_auc,30,0.7915362662160299,0.787012710746699,0.0068540235151816516,0.784560029931261,0.789465391562137,0.004523555469330972,0.0068540235151816516,0.002070874653892888,0.006976236284769056
Random Forest,returns,1.0,average_precision,30,0.3998756330234307,0.39891430811891565,0.008182756750523682,0.3959861462217538,0.4018424700160775,0.0009613249045150559,0.008182756750523682,-0.0019668369926467465,0.0038894868016768587
Logistic Regression,volatility,0.05,accuracy,30,0.848644578313253,0.8489708835341364,0.001974372984301416,0.8482643632354551,0.8496774038328178,-0.00032630522088353817,0.001974372984301416,-0.0010328255195649148,0.00038021507779783853
Logistic Regression,volatility,0.05,balanced_accuracy,30,0.7085862634080593,0.714248748751304,0.0031732620178207445,0.7131132115217879,0.71538428598082,-0.005662485343244709,0.003173262017820744,-0.006798022572760767,-0.004526948113728651
Logistic Regression,volatility,0.05,precision,30,0.4230769230769231,0.42556181936226556,0.005446152952396533,0.4236129385574803,0.42751070016705084,-0.002484896285342575,0.005446152952396533,-0.004433777090127856,-0.000536015480557294
Logistic Regression,volatility,0.05,recall,30,0.5207100591715976,0.5335305719921105,0.006422669903184961,0.5312322490843263,0.5358288948998947,-0.01282051282051285,0.006422669903184959,-0.015118835728297014,-0.010522189912728686
Logistic Regression,volatility,0.05,f1_score,30,0.46684350132625996,0.47344569657731933,0.004836292831701881,0.47171505141395187,0.4751763417406868,-0.006602195251059427,0.004836292831701881,-0.008332840414426883,-0.004871550087691971
Logistic Regression,volatility,0.05,roc_auc,30,0.8054535893521757,0.8037335797540218,0.0020893198417056063,0.8029859262506869,0.8044812332573568,0.001720009598153945,0.0020893198417056063,0.0009723560948190265,0.0024676631014888635
Logistic Regression,volatility,0.05,average_precision,30,0.3874020618937343,0.3856661884637103,0.0027196012444380556,0.38469299165703175,0.3866393852703889,0.0017358734300240357,0.0027196012444380556,0.0007626766233454441,0.002709070236702627
Random Forest,volatility,0.05,accuracy,30,0.858433734939759,0.8581576305220884,0.002040604042766354,0.8574274097435176,0.8588878513006591,0.00027610441767068986,0.002040604042766354,-0.0004541163609000977,0.0010063251962414775
Random Forest,volatility,0.05,balanced_accuracy,30,0.6510152089895901,0.6518678960472285,0.004310495283588892,0.6503254051200122,0.6534103869744448,-0.0008526870576382721,0.004310495283588892,-0.0023951779848545647,0.0006898038695780205
Random Forest,volatility,0.05,precision,30,0.43448275862068964,0.4338013946694842,0.008827439602269012,0.4306425359766351,0.4369602533623333,0.000681363951205514,0.00882743960226901,-0.0024774947416435693,0.0038402226440545973
Random Forest,volatility,0.05,recall,30,0.3727810650887574,0.37514792899408284,0.008310215974648597,0.3721741563993404,0.3781217015888253,-0.0023668639053254317,0.008310215974648595,-0.005340636500067912,0.0006069086894170479
Random Forest,volatility,0.05,f1_score,30,0.4012738853503185,0.40231765336365044,0.007811332563215439,0.39952240390493926,0.4051129028223616,-0.0010437680133320304,0.007811332563215439,-0.003839017472043224,0.0017514814453791633
Random Forest,volatility,0.05,roc_auc,30,0.7915362662160299,0.7918531414383275,0.0024035949916160503,0.7909930260169313,0.7927132568597237,-0.0003168752222977041,0.0024035949916160503,-0.0011769906436938779,0.0005432401990984695
Random Forest,volatility,0.05,average_precision,30,0.3998756330234307,0.3963563698836459,0.004012325534501712,0.3949205776308229,0.39779216213646895,0.003519263139784782,0.004012325534501712,0.0020834708869617497,0.004955055392607814
Logistic Regression,volatility,0.1,accuracy,30,0.848644578313253,0.8470883534136546,0.0031262954211149236,0.8459696229649224,0.8482070838623869,0.001556224899598398,0.0031262954211149236,0.0004374944508661574,0.0026749553483306388
Logistic Regression,volatility,0.1,balanced_accuracy,30,0.7085862634080593,0.714433819537689,0.0044260528939395714,0.7128499768506842,0.7160176622246939,-0.0058475561296296346,0.0044260528939395714,-0.007431398816634494,-0.004263713442624775
Logistic Regression,volatility,0.1,precision,30,0.4230769230769231,0.42102521759840095,0.008593464548155903,0.4179500858033723,0.4241003493934296,0.002051705478522183,0.008593464548155905,-0.0010234263165064907,0.005126837273550856
Logistic Regression,volatility,0.1,recall,30,0.5207100591715976,0.5364891518737672,0.007665316596042647,0.533746153557854,0.5392321501896804,-0.01577909270216965,0.007665316596042648,-0.018522091018082883,-0.013036094386256419
Logistic Regression,volatility,0.1,f1_score,30,0.46684350132625996,0.4717626783699264,0.007484242745875865,0.4690844764991228,0.47444088024073,-0.004919177043666436,0.007484242745875864,-0.007597378914470038,-0.0022409751728628344
Logistic Regression,volatility,0.1,roc_auc,30,0.8054535893521757,0.7996240723060927,0.003987687300981839,0.7981970967319032,0.8010510478802821,0.005829517046083096,0.003987687300981839,0.004402541471893661,0.007256492620272531
Logistic Regression,volatility,0.1,average_precision,30,0.3874020618937343,0.38187190386224246,0.005087155275915848,0.38005148872611744,0.3836923189983675,0.00553015803149172,0.005087155275915848,0.003709742895366709,0.007350573167616731
Random Forest,volatility,0.1,accuracy,30,0.858433734939759,0.8593624497991968,0.002904197968274028,0.8583231959032565,0.8604017036951372,-0.0009287148594377367,0.002904197968274028,-0.0019679687553781837,0.00011053903650271035
Random Forest,volatility,0.1,balanced_accuracy,30,0.6510152089895901,0.657359775906932,0.005103095380616383,0.6555336566775968,0.6591858951362671,-0.006344566917341857,0.005103095380616384,-0.008170686146677007,-0.004518447688006707
Random Forest,volatility,0.1,precision,30,0.43448275862068964,0.4403184958670416,0.011743198534468757,0.4361162462404427,0.44452074549364046,-0.005835737246351937,0.011743198534468756,-0.010037986872950832,-0.0016334876197530426
Random Forest,volatility,0.1,recall,30,0.3727810650887574,0.3863905325443787,0.010325109074120696,0.38269573971396187,0.39008532537479557,-0.013609467455621294,0.010325109074120698,-0.017304260286038122,-0.009914674625204466
Random Forest,volatility,0.1,f1_score,30,0.4012738853503185,0.4115067641055008,0.009147284755149468,0.40823345029462604,0.41478007791637556,-0.010232878755182383,0.009147284755149468,-0.013506192566057125,-0.0069595649443076404
Random Forest,volatility,0.1,roc_auc,30,0.7915362662160299,0.7905208019563897,0.004104727812911835,0.7890519439728967,0.7919896599398828,0.0010154642596402086,0.004104727812911835,-0.0004533937238528874,0.002484322243133305
Random Forest,volatility,0.1,average_precision,30,0.3998756330234307,0.3919387104900985,0.006575506150233594,0.38958569583370717,0.3942917251464898,0.00793692253333218,0.006575506150233594,0.005583907876940877,0.010289937189723482
Logistic Regression,volatility,0.2,accuracy,30,0.848644578313253,0.837073293172691,0.00567473167056574,0.8350426165241025,0.8391039698212794,0.01157128514056226,0.005674731670565741,0.009540608491973811,0.01360196178915071
Logistic Regression,volatility,0.2,balanced_accuracy,30,0.7085862634080593,0.7063374193559369,0.008649610396108034,0.7032421960272516,0.7094326426846221,0.0022488440521226632,0.008649610396108036,-0.0008463792765626534,0.00534406738080798
Logistic Regression,volatility,0.2,precision,30,0.4230769230769231,0.3958297914905276,0.014548770322790266,0.3906235808932217,0.4010360020878335,0.02724713158639542,0.014548770322790268,0.022040920989089507,0.03245334218370133
Logistic Regression,volatility,0.2,recall,30,0.5207100591715976,0.5309664694280078,0.014404895877115206,0.5258117436398738,0.5361211952161419,-0.010256410256410269,0.014404895877115208,-0.015411136044544256,-0.005101684468276281
Logistic Regression,volatility,0.2,f1_score,30,0.46684350132625996,0.4534807055156468,0.013954009109260852,0.44848732748522063,0.45847408354607294,0.013362795810613224,0.01395400910926085,0.008369417780187061,0.018356173841039387
Logistic Regression,volatility,0.2,roc_auc,30,0.8054535893521757,0.7860476197769621,0.007268850788441032,0.7834464949282361,0.7886487446256881,0.019405969575213636,0.007268850788441034,0.016804844726487637,0.022007094423939635
Logistic Regression,volatility,0.2,average_precision,30,0.3874020618937343,0.3704851071732393,0.009030591050344131,0.3672535516683325,0.37371666267814607,0.016916954720495033,0.009030591050344131,0.013685399215588236,0.02014851022540183
Random Forest,volatility,0.2,accuracy,30,0.858433734939759,0.8577058232931728,0.004159741877666047,0.856217278779439,0.8591943678069066,0.0007279116465863582,0.004159741877666047,-0.0007606328671474134,0.00221645616032013
Random Forest,volatility,0.2,balanced_accuracy,30,0.6510152089895901,0.662138941786516,0.008500675127276092,0.659097014259311,0.665180869313721,-0.01112373279692586,0.008500675127276092,-0.014165660324130906,-0.008081805269720813
Random Forest,volatility,0.2,precision,30,0.43448275862068964,0.4358568562045609,0.016782893414283743,0.4298511749264649,0.44186253748265686,-0.0013740975838712958,0.016782893414283743,-0.0073797788619672545,0.004631583694224664
Random Forest,volatility,0.2,recall,30,0.3727810650887574,0.3998027613412229,0.016495258925689142,0.3939000087429705,0.4057055139394753,-0.027021696252465466,0.016495258925689142,-0.03292444885071787,-0.02111894365421306
Random Forest,volatility,0.2,f1_score,30,0.4012738853503185,0.41692355877192744,0.01490550562746671,0.4115896920853141,0.4222574254585408,-0.0156496734216091,0.01490550562746671,-0.02098354010822246,-0.010315806734995743
Random Forest,volatility,0.2,roc_auc,30,0.7915362662160299,0.7872361571306286,0.006187703301891654,0.7850219159412664,0.7894503983199908,0.004300109085401393,0.006187703301891653,0.0020858678960391586,0.006514350274763628
Random Forest,volatility,0.2,average_precision,30,0.3998756330234307,0.3814450334579125,0.009349628380305015,0.37809931191069923,0.3847907550051257,0.018430599565518246,0.009349628380305015,0.015084878018304996,0.021776321112731496
Logistic Regression,volatility,0.5,accuracy,30,0.848644578313253,0.7718373493975904,0.009510552345341209,0.7684340419490574,0.7752406568461234,0.07680722891566263,0.009510552345341209,0.07340392146712964,0.08021053636419563
Logistic Regression,volatility,0.5,balanced_accuracy,30,0.7085862634080593,0.6709849850156481,0.014635259671282262,0.6657478246024688,0.6762221454288273,0.03760127839241124,0.014635259671282262,0.03236411797923204,0.042838438805590434
Logistic Regression,volatility,0.5,precision,30,0.4230769230769231,0.287580887782877,0.014755290295589956,0.2823007749624216,0.29286100060333237,0.1354960352940461,0.014755290295589956,0.13021592247359073,0.14077614811450148
Logistic Regression,volatility,0.5,recall,30,0.5207100591715976,0.5357001972386588,0.028131287022959108,0.5256335454622292,0.5457668490150884,-0.014990138067061159,0.028131287022959105,-0.025056789843490832,-0.004923486290631485
Logistic Regression,volatility,0.5,f1_score,30,0.46684350132625996,0.37410460300743736,0.017812496248683685,0.3677304830868623,0.38047872292801244,0.09273889831882258,0.017812496248683685,0.08636477839824751,0.09911301823939765
Logistic Regression,volatility,0.5,roc_auc,30,0.8054535893521757,0.7306592944676175,0.013728450009572036,0.7257466317243987,0.7355719572108362,0.07479429488455841,0.013728450009572037,0.06988163214133966,0.07970695762777716
Logistic Regression,volatility,0.5,average_precision,30,0.3874020618937343,0.31436988831131735,0.0172970631838751,0.30818021374417565,0.32055956287845905,0.0730321735824169,0.0172970631838751,0.06684249901527523,0.07922184814955857
Random Forest,volatility,0.5,accuracy,30,0.858433734939759,0.8480421686746987,0.005608593377134648,0.8460351593104587,0.8500491780389388,0.010391566265060255,0.005608593377134648,0.00838455690082018,0.012398575629300329
Random Forest,volatility,0.5,balanced_accuracy,30,0.6510152089895901,0.663341689172976,0.010124645324885329,0.659718631373939,0.6669647469720129,-0.012326480183386005,0.010124645324885327,-0.015949537982422896,-0.008703422384349114
Random Forest,volatility,0.5,precision,30,0.43448275862068964,0.40575804086250444,0.018880671392605974,0.3990016793757569,0.41251440234925196,0.02872471775818506,0.018880671392605974,0.021968356271437516,0.0354810792449326
Random Forest,volatility,0.5,recall,30,0.3727810650887574,0.4155818540433925,0.020062053430427645,0.4084027404237627,0.4227609676630223,-0.042800788954635086,0.020062053430427645,-0.04997990257426491,-0.03562167533500526
Random Forest,volatility,0.5,f1_score,30,0.4012738853503185,0.41039056205329116,0.01686795646299416,0.40435444135414383,0.4164266827524385,-0.009116676702972676,0.01686795646299416,-0.01515279740212002,-0.0030805560038253297
Random Forest,volatility,0.5,roc_auc,30,0.7915362662160299,0.7705556207912352,0.009494414511421252,0.7671580881924048,0.7739531533900655,0.020980645424794865,0.009494414511421254,0.017583112825964455,0.024378178023625276
Random Forest,volatility,0.5,average_precision,30,0.3998756330234307,0.3582021360162918,0.016000863421665228,0.35247630057702967,0.36392797145555394,0.04167349700713896,0.016000863421665228,0.03594766156787681,0.04739933244640111
Logistic Regression,volatility,1.0,accuracy,30,0.848644578313253,0.6764307228915665,0.012118017313953025,0.6720943460873076,0.6807670996958254,0.1722138554216867,0.012118017313953027,0.16787747861742777,0.17655023222594565
Logistic Regression,volatility,1.0,balanced_accuracy,30,0.7085862634080593,0.6144725354953006,0.018094349465523858,0.6079975556964099,0.6209475152941912,0.09411372791275883,0.01809434946552386,0.08763874811386818,0.10058870771164949
Logistic Regression,volatility,1.0,precision,30,0.4230769230769231,0.20404515396109887,0.012421550460574743,0.19960015921528784,0.2084901487069099,0.21903176911582417,0.012421550460574743,0.21458677437001314,0.2234767638616352
Logistic Regression,volatility,1.0,recall,30,0.5207100591715976,0.5313609467455621,0.03420041386069551,0.5191224858225189,0.5435994076686054,-0.010650887573964502,0.03420041386069551,-0.022889348497007814,0.0015875733490788094
Logistic Regression,volatility,1.0,f1_score,30,0.46684350132625996,0.2947815913412198,0.017557370200785686,0.2884987671043861,0.30106441557805347,0.17206190998504017,0.017557370200785686,0.1657790857482065,0.17834473422187386
Logistic Regression,volatility,1.0,roc_auc,30,0.8054535893521757,0.6591664922321325,0.017445216081428617,0.652923801831477,0.665409182632788,0.1462870971200433,0.01744521608142862,0.14004440671938775,0.15252978752069887
Logistic Regression,volatility,1.0,average_precision,30,0.3874020618937343,0.23958583454190277,0.020324888351139908,0.23231266665382314,0.2468590024299824,0.1478162273518315,0.020324888351139908,0.14054305946375187,0.15508939523991114
Random Forest,volatility,1.0,accuracy,30,0.858433734939759,0.8193775100401606,0.00958985324813469,0.8159458251280111,0.8228091949523101,0.03905622489959842,0.009589853248134692,0.035624539987448946,0.04248790981174789
Random Forest,volatility,1.0,balanced_accuracy,30,0.6510152089895901,0.6542482892652137,0.014770133398748638,0.6489628649085084,0.659533713621919,-0.00323308027562359,0.014770133398748634,-0.008518504632328904,0.002052344081081725
Random Forest,volatility,1.0,precision,30,0.43448275862068964,0.33746550981398205,0.023881046052673358,0.32891978723566767,0.3460112323922964,0.09701724880670758,0.023881046052673358,0.08847152622839323,0.10556297138502192
Random Forest,volatility,1.0,recall,30,0.3727810650887574,0.43274161735700195,0.025709470798682365,0.4235416013863356,0.4419416333276683,-0.059960552268244566,0.02570947079868237,-0.06916056823891091,-0.05076053629757822
Random Forest,volatility,1.0,f1_score,30,0.4012738853503185,0.37899080019259224,0.023203926686267622,0.37068738166766585,0.3872942187175186,0.022283085157726295,0.023203926686267622,0.01397966663279991,0.03058650368265268
Random Forest,volatility,1.0,roc_auc,30,0.7915362662160299,0.738620997152888,0.01333330716092277,0.7338497344620754,0.7433922598437006,0.052915269063141875,0.01333330716092277,0.04814400637232927,0.05768653175395448
Random Forest,volatility,1.0,average_precision,30,0.3998756330234307,0.32194773042345187,0.02043064769787075,0.31463671703918955,0.3292587438077142,0.07792790259997893,0.02043064769787075,0.0706168892157166,0.08523891598424127
Logistic Regression,momentum,0.05,accuracy,30,0.848644578313253,0.8488704819277105,0.0006603213775368765,0.8486341889574397,0.8491067748979814,-0.00022590361445783412,0.0006603213775368764,-0.00046219658472865786,1.0389355812989639e-05
Logistic Regression,momentum,0.05,balanced_accuracy,30,0.7085862634080593,0.7098950329553635,0.0015407641187217018,0.7093436775964661,0.7104463883142609,-0.0013087695473041636,0.0015407641187217018,-0.0018601249062015469,-0.0007574141884067802
Logistic Regression,momentum,0.05,precision,30,0.4230769230769231,0.42403075087349484,0.0020259421348518443,0.4233057767912886,0.4247557249557011,-0.0009538277965717916,0.002025942134851844,-0.00167880187877803,-0.00022885371436555326
Logistic Regression,momentum,0.05,recall,30,0.5207100591715976,0.5234714003944771,0.0030024630970705768,0.5223969827738001,0.5245458180151542,-0.0027613412228796987,0.0030024630970705768,-0.003835758843556719,-0.0016869236022026785
Logistic Regression,momentum,0.05,f1_score,30,0.46684350132625996,0.4685310472779737,0.002257626854315089,0.46772316588367563,0.4693389286722717,-0.0016875459517135872,0.002257626854315089,-0.002495427346011619,-0.0008796645574155555
Logistic Regression,momentum,0.05,roc_auc,30,0.8054535893521757,0.8054638001541832,0.000499129653806836,0.8052851889014502,0.8056424114069162,-1.0210802007422822e-05,0.000499129653806836,-0.0001888220547404584,0.00016840045072561276
Logistic Regression,momentum,0.05,average_precision,30,0.3874020618937343,0.38739129381121734,0.0005552778018879943,0.3871925902017371,0.3875899974206976,1.0768082516935766e-05,0.0005552778018879943,-0.0001879355269633445,0.00020947169199721607
Random Forest,momentum,0.05,accuracy,30,0.858433734939759,0.8577811244979918,0.0011985277496298667,0.8573522368509366,0.858210012145047,0.0006526104417670763,0.0011985277496298667,0.00022372279471186412,0.0010814980888222887
Random Forest,momentum,0.05,balanced_accuracy,30,0.6510152089895901,0.6478614326095576,0.0025494194700206407,0.6469491345687391,0.6487737306503761,0.0031537763800324322,0.0025494194700206407,0.002241478339213961,0.004066074420850904
Random Forest,momentum,0.05,precision,30,0.43448275862068964,0.4308717252839915,0.005339351382717906,0.42896106293008096,0.432782387637902,0.0036110333366981607,0.005339351382717906,0.0017003709827876432,0.005521695690608678
Random Forest,momentum,0.05,recall,30,0.3727810650887574,0.3662721893491124,0.004751547768622714,0.36457186981709955,0.3679725088811252,0.006508875739644987,0.004751547768622714,0.004808556207632161,0.008209195271657812
Random Forest,momentum,0.05,f1_score,30,0.4012738853503185,0.3959469704892686,0.004714983160209786,0.394259735434334,0.39763420554420315,0.005326914861049901,0.004714983160209786,0.0036396798061153566,0.007014149915984445
Random Forest,momentum,0.05,roc_auc,30,0.7915362662160299,0.7909591857225757,0.0013326229643651976,0.7904823127191973,0.7914360587259541,0.0005770804934539889,0.0013326229643651974,0.00010020749007560407,0.0010539534968323737
Random Forest,momentum,0.05,average_precision,30,0.3998756330234307,0.39968518150092464,0.001859442153292967,0.3990197886719247,0.40035057432992455,0.00019045152250603546,0.0018594421532929669,-0.000474941306493862,0.000855844351505933
Logistic Regression,momentum,0.1,accuracy,30,0.848644578313253,0.8488453815261041,0.0014250858344620329,0.848335421109599,0.8493553419426092,-0.00020080321285140812,0.0014250858344620329,-0.0007107636293564813,0.0003091572036536651
Logistic Regression,momentum,0.1,balanced_accuracy,30,0.7085862634080593,0.7105545656750275,0.00250309720627168,0.7096588438434054,0.7114502875066496,-0.0019683022669683063,0.00250309720627168,-0.0028640240985903713,-0.0010725804353462413
Logistic Regression,momentum,0.1,precision,30,0.4230769230769231,0.4241732964492517,0.004155038855605259,0.4226864348903484,0.42566015800815504,-0.0010963733723286832,0.004155038855605259,-0.002583234931231978,0.0003904881865746115
Logistic Regression,momentum,0.1,recall,30,0.5207100591715976,0.5250493096646942,0.004644468951271617,0.5233873077953616,0.5267113115340268,-0.004339250493096665,0.004644468951271617,-0.006001252362429299,-0.002677248623764032
Logistic Regression,momentum,0.1,f1_score,30,0.46684350132625996,0.4692434189292227,0.003953792678283014,0.4678285723899944,0.470658265468451,-0.00239991760296277,0.003953792678283015,-0.003814764142191094,-0.0009850710637344462
Logistic Regression,momentum,0.1,roc_auc,30,0.8054535893521757,0.8052917481403578,0.0010053578875711634,0.8049319854406772,0.8056515108400383,0.00016184121181801088,0.0010053578875711634,-0.00019792148786245542,0.0005216039114984772
Logistic Regression,momentum,0.1,average_precision,30,0.3874020618937343,0.3873810233475464,0.0008514474505788333,0.3870763367904077,0.38768570990468515,2.1038546187845952e-05,0.0008514474505788333,-0.00028364801095085156,0.00032572510332654346
Random Forest,momentum,0.1,accuracy,30,0.858433734939759,0.8578313253012049,0.00128765895399835,0.8573705424622923,0.8582921081401175,0.0006024096385542244,0.00128765895399835,0.0001416267996416676,0.001063192477466781
Random Forest,momentum,0.1,balanced_accuracy,30,0.6510152089895901,0.6480586712683347,0.0032328068838405016,0.6469018261821676,0.6492155163545018,0.0029565377212553185,0.003232806883840501,0.0017996926350882004,0.004113382807422437
Random Forest,momentum,0.1,precision,30,0.43448275862068964,0.43112600023853,0.005860237499613132,0.4290289411815578,0.43322305929550214,0.0033567583821596117,0.005860237499613132,0.0012596993251874325,0.005453817439131791
Random Forest,momentum,0.1,recall,30,0.3727810650887574,0.3666666666666666,0.006308873434259284,0.3644090653023058,0.36892426803102735,0.006114398422090744,0.0063088734342592835,0.0038567970577299995,0.008371999786451489
Random Forest,momentum,0.1,f1_score,30,0.4012738853503185,0.396280115347545,0.005779770575797245,0.3942118510094534,0.3983483796856366,0.004993770002773523,0.005779770575797243,0.0029255056646819255,0.007062034340865121
Random Forest,momentum,0.1,roc_auc,30,0.7915362662160299,0.790441327880765,0.0022309032130476297,0.789643009418679,0.791239646342851,0.001094938335264824,0.00223090321304763,0.000296619873178823,0.0018932567973508252
Random Forest,momentum,0.1,average_precision,30,0.3998756330234307,0.40035884595300997,0.003556777775063916,0.39908606937231206,0.4016316225337079,-0.0004832129295793075,0.003556777775063916,-0.0017559895102771954,0.0007895636511185802
Logistic Regression,momentum,0.2,accuracy,30,0.848644578313253,0.8491716867469878,0.0017703930140252524,0.8485381597432261,0.8498052137507496,-0.0005271084337349389,0.0017703930140252522,-0.0011606354374966502,0.00010641857002677225
Logistic Regression,momentum,0.2,balanced_accuracy,30,0.7085862634080593,0.7126790081226931,0.0030885802156001563,0.7115737738869242,0.713784242358462,-0.0040927447146337,0.0030885802156001567,-0.005197978950402638,-0.0029875104788647617
Logistic Regression,momentum,0.2,precision,30,0.4230769230769231,0.42560792611609305,0.0051896543101737904,0.42375083217162013,0.42746502006056597,-0.0025310030391699325,0.0051896543101737904,-0.004388096983642849,-0.000673909094697016
Logistic Regression,momentum,0.2,recall,30,0.5207100591715976,0.529585798816568,0.005548612381508731,0.5276002533759542,0.5315713442571818,-0.008875739644970444,0.005548612381508731,-0.010861285085584241,-0.006890194204356647
Logistic Regression,momentum,0.2,f1_score,30,0.46684350132625996,0.47192801234042114,0.0049572586852848375,0.47015408010227944,0.47370194457856285,-0.0050845110141612285,0.004957258685284838,-0.006858443252302916,-0.003310578776019541
Logistic Regression,momentum,0.2,roc_auc,30,0.8054535893521757,0.8047257293490783,0.0019509205731246143,0.8040276013879548,0.8054238573102017,0.0007278600030973285,0.0019509205731246143,2.9732041973839856e-05,0.001425987964220817
Logistic Regression,momentum,0.2,average_precision,30,0.3874020618937343,0.3872098836154192,0.0015697768332989565,0.3866481461899459,0.38777162104089247,0.000192178278315099,0.0015697768332989565,-0.00036955914715818623,0.0007539157037883843
Random Forest,momentum,0.2,accuracy,30,0.858433734939759,0.8594628514056224,0.0019524643342254723,0.8587641710166837,0.8601615317945611,-0.0010291164658634518,0.0019524643342254718,-0.0017277968548021216,-0.0003304360769247819
Random Forest,momentum,0.2,balanced_accuracy,30,0.6510152089895901,0.6528683844639243,0.0048853471865366324,0.6511201854251214,0.6546165835027271,-0.0018531754743342972,0.004885347186536632,-0.0036013745131371648,-0.00010497643553142961
Random Forest,momentum,0.2,precision,30,0.43448275862068964,0.4390465054373302,0.008863922163094425,0.43587459162775494,0.44221841924690547,-0.004563746816640552,0.008863922163094427,-0.007735660626215796,-0.0013918330070653065
Random Forest,momentum,0.2,recall,30,0.3727810650887574,0.3757396449704142,0.009420153204234902,0.372368686439073,0.37911060350175535,-0.002958579881656794,0.0094201532042349,-0.006329538412997957,0.0004123786496843694
Random Forest,momentum,0.2,f1_score,30,0.4012738853503185,0.40490993013590776,0.0087403744111907,0.40178222732155505,0.40803763295026046,-0.0036360447855892652,0.0087403744111907,-0.006763747599941984,-0.0005083419712365463
Random Forest,momentum,0.2,roc_auc,30,0.7915362662160299,0.7902878254905866,0.0037893307499495266,0.7889318308965844,0.7916438200845889,0.001248440725443419,0.0037893307499495266,-0.0001075538685588592,0.0026044353194456973
Random Forest,momentum,0.2,average_precision,30,0.3998756330234307,0.4002760590996365,0.005401300683787774,0.39834322847304243,0.40220888972623053,-0.00040042607620569546,0.005401300683787775,-0.002333256702799742,0.001532404550388351
Logistic Regression,momentum,0.5,accuracy,30,0.848644578313253,0.8479417670682732,0.0027609654909410974,0.8469537682560837,0.8489297658804627,0.0007028112449799284,0.0027609654909410974,-0.00028518756720949097,0.0016908100571693479
Logistic Regression,momentum,0.5,balanced_accuracy,30,0.7085862634080593,0.7137433991419523,0.004797485077902026,0.7120266411549309,0.7154601571289737,-0.00515713573389297,0.004797485077902025,-0.0068738937209143975,-0.0034403777468715426
Logistic Regression,momentum,0.5,precision,30,0.4230769230769231,0.42288685868847964,0.007760624790674026,0.42010975477313145,0.42566396260382783,0.000190064388443445,0.007760624790674025,-0.0025870395269047227,0.002967168303791613
Logistic Regression,momentum,0.5,recall,30,0.5207100591715976,0.5337278106508875,0.00937518801573535,0.5303729427056015,0.5370826785961734,-0.013017751479289963,0.009375188015735352,-0.016372619424575924,-0.009662883534004001
Logistic Regression,momentum,0.5,f1_score,30,0.46684350132625996,0.4718481032227794,0.007322522375129617,0.46922777224341883,0.47446843420214,-0.005004601896519443,0.007322522375129617,-0.007624932875880044,-0.002384270917158842
Logistic Regression,momentum,0.5,roc_auc,30,0.8054535893521757,0.8012627358482537,0.004623807666749462,0.799608127524633,0.8029173441718744,0.0041908535039218466,0.004623807666749462,0.002536245180301093,0.0058454618275426
Logistic Regression,momentum,0.5,average_precision,30,0.3874020618937343,0.38418246257242966,0.0037743583240776694,0.3828318257922159,0.3855330993526434,0.003219599321304543,0.0037743583240776694,0.0018689625410907836,0.0045702361015183025
Random Forest,momentum,0.5,accuracy,30,0.858433734939759,0.8622740963855421,0.0029882603461523377,0.8612047611540087,0.8633434316170755,-0.0038403614457831175,0.0029882603461523372,-0.004909696677316527,-0.0027710262142497076
Random Forest,momentum,0.5,balanced_accuracy,30,0.6510152089895901,0.6614708149751621,0.007867843016664138,0.658655343510393,0.6642862864399313,-0.010455605985572132,0.007867843016664138,-0.013271077450341276,-0.007640134520802989
Random Forest,momentum,0.5,precision,30,0.43448275862068964,0.45251411011191206,0.013525993135866457,0.44767389563050497,0.45735432459331915,-0.018031351491222387,0.013525993135866454,-0.022871565972629463,-0.01319113700981531
Random Forest,momentum,0.5,recall,30,0.3727810650887574,0.3921104536489152,0.015140445679277914,0.38669251474449007,0.3975283925533404,-0.01932938856015778,0.015140445679277914,-0.024747327464582913,-0.013911449655732648
Random Forest,momentum,0.5,f1_score,30,0.4012738853503185,0.4201035851086472,0.01390823027628997,0.415126588823211,0.4250805813940834,-0.01882969975832869,0.013908230276289969,-0.023806696043764904,-0.013852703472892478
Random Forest,momentum,0.5,roc_auc,30,0.7915362662160299,0.7869260891096689,0.006584037031152854,0.7845700217167465,0.7892821565025913,0.004610177106360794,0.006584037031152855,0.0022541097134384427,0.006966244499283146
Random Forest,momentum,0.5,average_precision,30,0.3998756330234307,0.3989663040640346,0.006849900151655627,0.3965150987752843,0.4014175093527849,0.0009093289593961255,0.006849900151655626,-0.001541876329354173,0.003360534248146424
Logistic Regression,momentum,1.0,accuracy,30,0.848644578313253,0.8407630522088355,0.0040993730806862545,0.8392961103916603,0.8422299940260107,0.007881526104417669,0.004099373080686254,0.006414584287242415,0.009348467921592923
Logistic Regression,momentum,1.0,balanced_accuracy,30,0.7085862634080593,0.7080301150587205,0.006670511414431546,0.7056431032051577,0.7104171269122833,0.0005561483493386809,0.006670511414431546,-0.001830863504224154,0.002943160202901516
Logistic Regression,momentum,1.0,precision,30,0.4230769230769231,0.4043444560628021,0.010544674311355522,0.40057109282131065,0.4081178193042936,0.018732467014121006,0.010544674311355523,0.014959103772629552,0.02250583025561246
Logistic Regression,momentum,1.0,recall,30,0.5207100591715976,0.5299802761341222,0.013428921682686888,0.525174798226118,0.5347857540421265,-0.009270216962524676,0.013428921682686888,-0.014075694870528864,-0.004464739054520487
Logistic Regression,momentum,1.0,f1_score,30,0.46684350132625996,0.45862895092546613,0.009929562092528594,0.4550757027645717,0.46218219908636055,0.00821455040079389,0.009929562092528594,0.004661302239899499,0.011767798561688282
Logistic Regression,momentum,1.0,roc_auc,30,0.8054535893521757,0.7898771810698537,0.008143266473840489,0.7869631505867151,0.7927912115529924,0.015576408282321885,0.008143266473840489,0.0126623777991832,0.01849043876546057
Logistic Regression,momentum,1.0,average_precision,30,0.3874020618937343,0.37548523922066845,0.007007718449727761,0.3729775593792486,0.3779929190620883,0.011916822673065795,0.007007718449727761,0.009409142831645925,0.014424502514485665
Random Forest,momentum,1.0,accuracy,30,0.858433734939759,0.8618724899598393,0.004508035405579346,0.8602593102078164,0.8634856697118622,-0.003438755020080301,0.004508035405579346,-0.0050519347721032365,-0.0018255752680573659
Random Forest,momentum,1.0,balanced_accuracy,30,0.6510152089895901,0.6698331214591917,0.008137468216730634,0.6669211658557124,0.6727450770626711,-0.018817912469601586,0.008137468216730634,-0.021729868073080926,-0.015905956866122246
Random Forest,momentum,1.0,precision,30,0.43448275862068964,0.45338897163979797,0.018897490331129668,0.44662659157319556,0.46015135170640037,-0.018906213019108258,0.018897490331129668,-0.025668593085710643,-0.012143832952505871
Random Forest,momentum,1.0,recall,30,0.3727810650887574,0.4122287968441814,0.014687100407951854,0.40697308546163274,0.41748450822673006,-0.03944773175542404,0.014687100407951856,-0.0447034431379727,-0.03419202037287539
Random Forest,momentum,1.0,f1_score,30,0.4012738853503185,0.4317229266602943,0.015089023315358937,0.4263233890124726,0.4371224643081161,-0.03044904130997585,0.015089023315358939,-0.03584857895779759,-0.02504950366215411
Random Forest,momentum,1.0,roc_auc,30,0.7915362662160299,0.7830441123664724,0.007331521771537891,0.7804205609944662,0.7856676637384786,0.008492153849557394,0.007331521771537893,0.005868602477551187,0.0111157052215636
Random Forest,momentum,1.0,average_precision,30,0.3998756330234307,0.39400340499415687,0.0082797024578126,0.3910405515211812,0.3969662584671325,0.005872228029273761,0.0082797024578126,0.0029093745562981414,0.008835081502249379
Logistic Regression,volume_and_range,0.05,accuracy,30,0.848644578313253,0.8492720883534134,0.0008409248138552288,0.8489711672734667,0.8495730094333601,-0.0006275100401606504,0.0008409248138552289,-0.0009284311201073536,-0.00032658896021394714
Logistic Regression,volume_and_range,0.05,balanced_accuracy,30,0.7085862634080593,0.7109675075262119,0.0021316941977230007,0.7102046905543186,0.7117303244981051,-0.002381244118152681,0.0021316941977230007,-0.0031440610900459144,-0.0016184271462594479
Logistic Regression,volume_and_range,0.05,precision,30,0.4230769230769231,0.4253561681266903,0.002613892979439793,0.4244207985368312,0.42629153771654943,-0.0022792450497672533,0.0026138929794397928,-0.0032146146396263803,-0.0013438754599081264
Logistic Regression,volume_and_range,0.05,recall,30,0.5207100591715976,0.5254437869822486,0.0042271256192870435,0.5239311295062554,0.5269564444582417,-0.004733727810650912,0.0042271256192870435,-0.006246385286644031,-0.003221070334657793
Logistic Regression,volume_and_range,0.05,f1_score,30,0.46684350132625996,0.4701285124817816,0.003049508140412859,0.46903726000855245,0.4712197649550108,-0.003285011155521576,0.00304950814041286,-0.004376263628750749,-0.0021937586822924028
Logistic Regression,volume_and_range,0.05,roc_auc,30,0.8054535893521757,0.8052614560944024,0.0005643265878674163,0.8050595144184455,0.8054633977703592,0.00019213325777342287,0.0005643265878674164,-9.808418183515172e-06,0.00039407493373036094
Logistic Regression,volume_and_range,0.05,average_precision,30,0.3874020618937343,0.3872419514680365,0.0007977952426710728,0.38695646410692475,0.3875274388291483,0.00016011042569769225,0.0007977952426710726,-0.00012537693541406068,0.0004455977868094452
Random Forest,volume_and_range,0.05,accuracy,30,0.858433734939759,0.8577560240963854,0.0011419993138631996,0.857347364890278,0.8581646833024928,0.0006777108433735024,0.0011419993138631996,0.000269051637266082,0.001086370049480923
Random Forest,volume_and_range,0.05,balanced_accuracy,30,0.6510152089895901,0.649363356494836,0.0021014712540079836,0.6486113546644537,0.6501153583252183,0.0016518524947541876,0.0021014712540079836,0.0008998506643718779,0.002403854325136497
Random Forest,volume_and_range,0.05,precision,30,0.43448275862068964,0.43135640455715246,0.0048649201280150005,0.42961551524736363,0.4330972938669413,0.0031263540635371343,0.0048649201280150005,0.0013854647537483067,0.004867243373325962
Random Forest,volume_and_range,0.05,recall,30,0.3727810650887574,0.36982248520710054,0.004037208516100677,0.3683777886936686,0.37126718172053247,0.002958579881656818,0.004037208516100677,0.0015138833682248889,0.0044032763950887475
Random Forest,volume_and_range,0.05,f1_score,30,0.4012738853503185,0.3982158590230282,0.0038875167569909453,0.3968247290176458,0.3996069890284106,0.003058026327290246,0.0038875167569909453,0.0016668963219078428,0.004449156332672649
Random Forest,volume_and_range,0.05,roc_auc,30,0.7915362662160299,0.7915978713881414,0.00155093132243148,0.7910428777421226,0.7921528650341603,-6.160517211161176e-05,0.00155093132243148,-0.0006165988181304776,0.000493388473907254
Random Forest,volume_and_range,0.05,average_precision,30,0.3998756330234307,0.39928608129564613,0.0018429443828949443,0.3986265921179633,0.39994557047332896,0.0005895517277845967,0.0018429443828949443,-6.993744989821596e-05,0.0012490409054674093
Logistic Regression,volume_and_range,0.1,accuracy,30,0.848644578313253,0.849774096385542,0.0015285754444789503,0.8492271026877062,0.8503210900833779,-0.0011295180722891707,0.0015285754444789505,-0.0016765117701250472,-0.0005825243744532942
Logistic Regression,volume_and_range,0.1,balanced_accuracy,30,0.7085862634080593,0.7126029376477375,0.0025954176831288417,0.7116741793577552,0.7135316959377198,-0.004016674239678249,0.0025954176831288417,-0.004945432529660591,-0.003087915949695907
Logistic Regression,volume_and_range,0.1,precision,30,0.4230769230769231,0.42711865536435223,0.004351800304731128,0.4255613836251483,0.4286759271035562,-0.004041732287429192,0.004351800304731128,-0.0055990040266331335,-0.00248446054822525
Logistic Regression,volume_and_range,0.1,recall,30,0.5207100591715976,0.5285996055226825,0.005231281921520637,0.5267276153287997,0.5304715957165652,-0.00788954635108485,0.0052312819215206375,-0.009761536544967586,-0.006017556157202112
Logistic Regression,volume_and_range,0.1,f1_score,30,0.46684350132625996,0.472457185805828,0.003955458396568639,0.47104174319696646,0.4738726284146896,-0.005613684479568106,0.003955458396568639,-0.007029127088429694,-0.004198241870706517
Logistic Regression,volume_and_range,0.1,roc_auc,30,0.8054535893521757,0.8048484291532011,0.0011197530130565695,0.8044477306835986,0.8052491276228035,0.0006051601989745303,0.0011197530130565693,0.00020446172937202997,0.0010058586685770306
Logistic Regression,volume_and_range,0.1,average_precision,30,0.3874020618937343,0.3872187760423058,0.0016596179982762524,0.38662488936883416,0.38781266271577747,0.00018328585142847557,0.0016596179982762522,-0.0004106008220432069,0.0007771725249001581
Random Forest,volume_and_range,0.1,accuracy,30,0.858433734939759,0.8581576305220883,0.0015631477105574802,0.8575982652977221,0.8587169957464544,0.0002761044176706862,0.0015631477105574802,-0.0002832608066954408,0.0008354696420368132
Random Forest,volume_and_range,0.1,balanced_accuracy,30,0.6510152089895901,0.6495092007835089,0.0024932453434448497,0.6486170043957227,0.6504013971712952,0.0015060082060812181,0.0024932453434448497,0.0006138118182949047,0.0023982045938675317
Random Forest,volume_and_range,0.1,precision,30,0.43448275862068964,0.43296183904354546,0.006441072019802581,0.4306569310229015,0.43526674706418944,0.0015209195771441622,0.006441072019802581,-0.0007839884434998451,0.0038258275977881696
Random Forest,volume_and_range,0.1,recall,30,0.3727810650887574,0.36962524654832335,0.005090923871622207,0.3678034828375444,0.3714470102591023,0.003155818540433943,0.005090923871622207,0.0013340548296549852,0.004977582251212901
Random Forest,volume_and_range,0.1,f1_score,30,0.4012738853503185,0.39876649747736354,0.004573287464439691,0.3971299675759604,0.40040302737876665,0.00250738787295496,0.004573287464439691,0.0008708579715518668,0.004143917774358053
Random Forest,volume_and_range,0.1,roc_auc,30,0.7915362662160299,0.7919096412094355,0.0023744593948585744,0.7910599518274387,0.7927593305914323,-0.0003733749934055508,0.0023744593948585744,-0.0012230643754023677,0.000476314388591266
Random Forest,volume_and_range,0.1,average_precision,30,0.3998756330234307,0.39983563701528024,0.002741589109727831,0.39885457195205876,0.40081670207850173,3.999600815043728e-05,0.002741589109727831,-0.0009410690550710762,0.0010210610713719506
Logistic Regression,volume_and_range,0.2,accuracy,30,0.848644578313253,0.849523092369478,0.002323745464040392,0.8486915507345553,0.8503546340044007,-0.0008785140562249105,0.002323745464040392,-0.0017100556911476624,-4.6972421302158575e-05
Logistic Regression,volume_and_range,0.2,balanced_accuracy,30,0.7085862634080593,0.7139754396175716,0.004049588881821304,0.7125263128471637,0.7154245663879795,-0.005389176209512125,0.004049588881821304,-0.00683830297991995,-0.003940049439104301
Logistic Regression,volume_and_range,0.2,precision,30,0.4230769230769231,0.4268797622472873,0.006662344897957713,0.42449567274411326,0.42926385175046133,-0.0038028391703641027,0.006662344897957714,-0.006186928673538154,-0.0014187496671900519
Logistic Regression,volume_and_range,0.2,recall,30,0.5207100591715976,0.5321499013806705,0.007602052928894695,0.5294295416773014,0.5348702610840397,-0.011439842209072989,0.0076020529288946944,-0.014160201912442164,-0.008719482505703813
Logistic Regression,volume_and_range,0.2,f1_score,30,0.46684350132625996,0.47371536535575504,0.006344963860132904,0.4714448491983585,0.4759858815131516,-0.006871864029495095,0.0063449638601329045,-0.00914238018689166,-0.004601347872098529
Logistic Regression,volume_and_range,0.2,roc_auc,30,0.8054535893521757,0.8034488685580475,0.0021486460190565833,0.8026799854547967,0.8042177516612984,0.002004720794128149,0.0021486460190565833,0.0012358376908772513,0.0027736038973790464
Logistic Regression,volume_and_range,0.2,average_precision,30,0.3874020618937343,0.38625093188404935,0.00313754443384176,0.38512817602781063,0.3873736877402881,0.0011511300096848716,0.0031375444338417593,2.8374153446132384e-05,0.002273885865923611
Random Forest,volume_and_range,0.2,accuracy,30,0.858433734939759,0.8588855421686747,0.002233794725028835,0.8580861889923149,0.8596848953450346,-0.00045180722891566456,0.002233794725028835,-0.0012511604052754352,0.00034754594744410613
Random Forest,volume_and_range,0.2,balanced_accuracy,30,0.6510152089895901,0.6505159007714261,0.0038130263196742105,0.649151426826697,0.6518803747161551,0.0004993082181639815,0.0038130263196742105,-0.0008651657265650452,0.0018637821628930081
Random Forest,volume_and_range,0.2,precision,30,0.43448275862068964,0.43615668055957096,0.00916020176574258,0.432878744455819,0.43943461666332295,-0.001673921938881301,0.009160201765742582,-0.004951858042633267,0.0016040141648706648
Random Forest,volume_and_range,0.2,recall,30,0.3727810650887574,0.3710059171597633,0.007946303361892306,0.3681623690210394,0.37384946529848717,0.0017751479289940975,0.007946303361892304,-0.00106840020972977,0.004618696067717965
Random Forest,volume_and_range,0.2,f1_score,30,0.4012738853503185,0.40088965687096245,0.0068370146769889985,0.39844306259010304,0.40333625115182187,0.0003842284793561209,0.006837014676988999,-0.002062365801503317,0.0028308227602155582
Random Forest,volume_and_range,0.2,roc_auc,30,0.7915362662160299,0.7905624960645866,0.0036436808945070343,0.7892586216019821,0.7918663705271911,0.0009737701514431911,0.0036436808945070347,-0.0003301043111612504,0.0022776446140476327
Random Forest,volume_and_range,0.2,average_precision,30,0.3998756330234307,0.39909339422422574,0.004470690511978467,0.3974935781707496,0.4006932102777019,0.00078223879920493,0.004470690511978468,-0.0008175772542712223,0.002382054852681082
Logistic Regression,volume_and_range,0.5,accuracy,30,0.848644578313253,0.8434236947791164,0.004412691072449079,0.8418446335585241,0.8450027559997086,0.005220883534136555,0.004412691072449079,0.0036418223135443,0.00679994475472881
Logistic Regression,volume_and_range,0.5,balanced_accuracy,30,0.7085862634080593,0.7110707217165039,0.007310499848986877,0.7084546929428708,0.713686750490137,-0.0024844583084445964,0.007310499848986877,-0.005100487082077701,0.00013157046518850893
Logistic Regression,volume_and_range,0.5,precision,30,0.4230769230769231,0.4113767864771494,0.011959237172077778,0.40709722841694457,0.4156563445373543,0.01170013659977362,0.011959237172077778,0.0074205785395687765,0.015979694659978463
Logistic Regression,volume_and_range,0.5,recall,30,0.5207100591715976,0.5335305719921105,0.013284293674273247,0.528776848552241,0.53828429543198,-0.012820512820512834,0.013284293674273247,-0.017574236260382296,-0.008066789380643372
Logistic Regression,volume_and_range,0.5,f1_score,30,0.46684350132625996,0.4644962678480945,0.01148722229159543,0.4603856181436016,0.4686069175525874,0.002347233478165437,0.011487222291595428,-0.0017634162263274584,0.006457883182658332
Logistic Regression,volume_and_range,0.5,roc_auc,30,0.8054535893521757,0.7949521198475867,0.005174674839628606,0.7931003862378063,0.7968038534573672,0.010501469504588945,0.005174674839628606,0.008649735894808521,0.012353203114369368
Logistic Regression,volume_and_range,0.5,average_precision,30,0.3874020618937343,0.3794393493472804,0.007400004294252245,0.3767912918192503,0.3820874068753105,0.007962712546453931,0.007400004294252245,0.005314655018423858,0.010610770074484004
Random Forest,volume_and_range,0.5,accuracy,30,0.858433734939759,0.8605672690763052,0.0033505948293080716,0.859368274115178,0.8617662640374324,-0.0021335341365461705,0.0033505948293080716,-0.003332529097673343,-0.0009345391754189982
Random Forest,volume_and_range,0.5,balanced_accuracy,30,0.6510152089895901,0.6547647005767401,0.0064693331247884485,0.6524496794495582,0.6570797217039219,-0.0037494915871500558,0.006469333124788449,-0.006064512714331907,-0.0014344704599682043
Random Forest,volume_and_range,0.5,precision,30,0.43448275862068964,0.4440923616306163,0.014635177993798945,0.43885523044534913,0.4493294928158834,-0.009609603009926616,0.014635177993798943,-0.01484673419519378,-0.004372471824659453
Random Forest,volume_and_range,0.5,recall,30,0.3727810650887574,0.378698224852071,0.011935903531695304,0.3744270166278411,0.3829694330763009,-0.005917159763313597,0.011935903531695307,-0.01018836798754346,-0.001645951539083733
Random Forest,volume_and_range,0.5,f1_score,30,0.4012738853503185,0.4087324724833584,0.01211653757181988,0.4043966251980213,0.41306831976869557,-0.007458587133039838,0.01211653757181988,-0.011794434418376989,-0.003122739847702686
Random Forest,volume_and_range,0.5,roc_auc,30,0.7915362662160299,0.7813933660419359,0.0064274744018337155,0.7790933238663906,0.7836934082174811,0.010142900174094145,0.006427474401833715,0.007842857998548863,0.012442942349639427
Random Forest,volume_and_range,0.5,average_precision,30,0.3998756330234307,0.3930140875351775,0.007777704427518628,0.3902308717502785,0.39579730332007657,0.006861545488253152,0.00777770442751863,0.00407832970335411,0.009644761273152194
Logistic Regression,volume_and_range,1.0,accuracy,30,0.848644578313253,0.8223644578313252,0.006390590057436328,0.8200776145489108,0.8246513011137395,0.026280120481927727,0.006390590057436327,0.023993277199513333,0.02856696376434212
Logistic Regression,volume_and_range,1.0,balanced_accuracy,30,0.7085862634080593,0.7006905054857533,0.011089999383601725,0.6967220001733435,0.7046590107981631,0.00789575792230592,0.011089999383601723,0.003927252609896114,0.011864263234715728
Logistic Regression,volume_and_range,1.0,precision,30,0.4230769230769231,0.36563946768919814,0.01401417855110308,0.36062455830053325,0.37065437707786303,0.057437455387724955,0.014014178551103082,0.052422545999060065,0.062452364776389845
Logistic Regression,volume_and_range,1.0,recall,30,0.5207100591715976,0.5374753451676528,0.022035217023130705,0.529590144024567,0.5453605463107386,-0.01676528599605524,0.02203521702313071,-0.02465048713914105,-0.00888008485296943
Logistic Regression,volume_and_range,1.0,f1_score,30,0.46684350132625996,0.4350710390181414,0.01529384143920261,0.42959820814599786,0.440543869890285,0.03177246230811848,0.01529384143920261,0.0262996314359749,0.03724529318026207
Logistic Regression,volume_and_range,1.0,roc_auc,30,0.8054535893521757,0.7744093476488777,0.009078271236860098,0.7711607300083531,0.7776579652894023,0.031044241703297948,0.009078271236860098,0.027795624062773264,0.03429285934382263
Logistic Regression,volume_and_range,1.0,average_precision,30,0.3874020618937343,0.3581427697699321,0.01287706040420746,0.353534772884208,0.3627507666556562,0.029259292123802093,0.01287706040420746,0.02465129523807796,0.03386728900952622
Random Forest,volume_and_range,1.0,accuracy,30,0.858433734939759,0.8596887550200801,0.003717151218576858,0.8583585895396595,0.8610189205005008,-0.001255020080321271,0.0037171512185768577,-0.0025851855607418803,7.514540009933841e-05
Random Forest,volume_and_range,1.0,balanced_accuracy,30,0.6510152089895901,0.6529135672628072,0.007878369949213258,0.6500943287836047,0.6557328057420098,-0.0018983582732172376,0.00787836994921326,-0.004717596752419793,0.000920880205985318
Random Forest,volume_and_range,1.0,precision,30,0.43448275862068964,0.44011585625724947,0.01636209074147064,0.4342607572817102,0.44597095523278873,-0.005633097636559859,0.01636209074147064,-0.011488196612099126,0.00022200133897940823
Random Forest,volume_and_range,1.0,recall,30,0.3727810650887574,0.37554240631163693,0.015362102195146289,0.3700451486416892,0.3810396639815847,-0.0027613412228796688,0.01536210219514629,-0.00825859889282742,0.002735916447068083
Random Forest,volume_and_range,1.0,f1_score,30,0.4012738853503185,0.4051569973543303,0.014268522139262748,0.4000510722815454,0.4102629224271152,-0.0038831120040118423,0.014268522139262746,-0.008989037076796744,0.0012228130687730598
Random Forest,volume_and_range,1.0,roc_auc,30,0.7915362662160299,0.7675444552792399,0.007698310674263988,0.7647896501840681,0.7702992603744117,0.023991810936790016,0.007698310674263987,0.02123700584161825,0.02674661603196178
Random Forest,volume_and_range,1.0,average_precision,30,0.3998756330234307,0.3806556681211452,0.011545983191678422,0.3765239910986088,0.3847873451436816,0.019219964902285502,0.011545983191678422,0.015088287879749095,0.02335164192482191
Logistic Regression,all_predictors,0.05,accuracy,30,0.848644578313253,0.8484939759036144,0.002611506818833162,0.8475594601903621,0.8494284916168667,0.0001506024096385598,0.002611506818833162,-0.0007839133036137136,0.0010851181228908333
Logistic Regression,all_predictors,0.05,balanced_accuracy,30,0.7085862634080593,0.7130488944254126,0.004546679449789109,0.7114218860797681,0.7146759027710572,-0.0044626310173533435,0.004546679449789109,-0.006089639362997863,-0.0028356226717088243
Logistic Regression,all_predictors,0.05,precision,30,0.4230769230769231,0.4240413957863031,0.007541652021638602,0.4213426502700073,0.42674014130259896,-0.0009644727093800524,0.007541652021638602,-0.003663218225675908,0.0017342728069158033
Logistic Regression,all_predictors,0.05,recall,30,0.5207100591715976,0.5313609467455621,0.008281108298614356,0.5283975901989165,0.5343243032922077,-0.010650887573964518,0.008281108298614356,-0.013614244120610134,-0.0076875310273189015
Logistic Regression,all_predictors,0.05,f1_score,30,0.46684350132625996,0.47165092426932603,0.007215230544492905,0.4690689871784709,0.47423286136018117,-0.004807422943066015,0.007215230544492906,-0.007389360033921126,-0.002225485852210904
Logistic Regression,all_predictors,0.05,roc_auc,30,0.8054535893521757,0.804542445453045,0.0026141316375907823,0.8036069904604634,0.8054779004456266,0.000911143899130921,0.0026141316375907827,-2.4311093450721504e-05,0.0018465988917125635
Logistic Regression,all_predictors,0.05,average_precision,30,0.3874020618937343,0.3862998008424899,0.002844496582443544,0.38528191081309543,0.38731769087188433,0.0011022610512443835,0.0028444965824435445,8.437102184993741e-05,0.0021201510806388296
Random Forest,all_predictors,0.05,accuracy,30,0.858433734939759,0.8581074297188754,0.0024673967292232505,0.8572244831388942,0.8589903762988567,0.0003263052208835419,0.002467396729223251,-0.0005566413590976848,0.0012092518008647685
Random Forest,all_predictors,0.05,balanced_accuracy,30,0.6510152089895901,0.6531027223699953,0.005485626365968888,0.6511397161855736,0.655065728554417,-0.0020875133804051445,0.005485626365968887,-0.004050519564826827,-0.00012450719598346193
Random Forest,all_predictors,0.05,precision,30,0.43448275862068964,0.4340417982251517,0.01080155070314246,0.4301765129474024,0.43790708350290103,0.0004409603955379167,0.010801550703142461,-0.0034243248822114,0.0043062456732872335
Random Forest,all_predictors,0.05,recall,30,0.3727810650887574,0.37810650887573966,0.010231135705521109,0.37444534398339685,0.38176767376808246,-0.005325443786982241,0.010231135705521109,-0.008986608679325065,-0.0016642788946394172
Random Forest,all_predictors,0.05,f1_score,30,0.4012738853503185,0.4041202611777406,0.009976444985668124,0.4005502361889989,0.4076902861664823,-0.002846375827422117,0.009976444985668124,-0.006416400816163811,0.0007236491613195769
Random Forest,all_predictors,0.05,roc_auc,30,0.7915362662160299,0.7904847237892967,0.0036685059808610637,0.7891719657836307,0.7917974817949627,0.0010515424267331986,0.0036685059808610637,-0.0002612155789328116,0.002364300432399209
Random Forest,all_predictors,0.05,average_precision,30,0.3998756330234307,0.3952630746317255,0.004996632702947152,0.393475052582317,0.397051096681134,0.004612558391705175,0.004996632702947152,0.0028245363422966943,0.006400580441113656
Logistic Regression,all_predictors,0.1,accuracy,30,0.848644578313253,0.8466616465863452,0.002995666747056889,0.8455896610082863,0.8477336321644042,0.0019829317269076403,0.0029956667470568887,0.0009109461488486022,0.0030549173049666785
Logistic Regression,all_predictors,0.1,balanced_accuracy,30,0.7085862634080593,0.7129257691712064,0.0060157336654685705,0.7107730665259064,0.7150784718165064,-0.004339505763146923,0.0060157336654685705,-0.0064922084084469,-0.002186803117846946
Logistic Regression,all_predictors,0.1,precision,30,0.4230769230769231,0.4195112216179266,0.0084616014296437,0.4164832764338458,0.42253916680200737,0.003565701458996475,0.0084616014296437,0.0005377562749157147,0.0065936466430772354
Logistic Regression,all_predictors,0.1,recall,30,0.5207100591715976,0.5335305719921103,0.0120449861124535,0.5292203290676738,0.5378408149165468,-0.012820512820512827,0.012044986112453502,-0.01713075574494929,-0.008510269896076363
Logistic Regression,all_predictors,0.1,f1_score,30,0.46684350132625996,0.46965240417017734,0.008738813401446239,0.46652525995598765,0.47277954838436703,-0.002808902843917375,0.008738813401446237,-0.005936047058107069,0.00031824137027231924
Logistic Regression,all_predictors,0.1,roc_auc,30,0.8054535893521757,0.800888509954681,0.005005925126703021,0.7990971626541372,0.8026798572552247,0.004565079397494646,0.00500592512670302,0.0027737320969509075,0.006356426698038385
Logistic Regression,all_predictors,0.1,average_precision,30,0.3874020618937343,0.382465237823486,0.004776277043126919,0.38075606903424175,0.3841744066127303,0.004936824070248276,0.004776277043126919,0.003227655281004013,0.0066459928594925395
Random Forest,all_predictors,0.1,accuracy,30,0.858433734939759,0.858483935742972,0.0036673727886192935,0.8571715832449418,0.8597962882410022,-5.0200803212837225e-05,0.003667372788619293,-0.001362553301243013,0.0012621516948173386
Random Forest,all_predictors,0.1,balanced_accuracy,30,0.6510152089895901,0.6563510337586133,0.007232111300743585,0.6537630559667138,0.6589390115505127,-0.0053358247690231675,0.007232111300743585,-0.007923802560922623,-0.0027478469771237118
Random Forest,all_predictors,0.1,precision,30,0.43448275862068964,0.4367063441144336,0.015362801009764468,0.43120883637688634,0.44220385185198086,-0.0022235854937439183,0.015362801009764468,-0.007721093231291198,0.0032739222438033615
Random Forest,all_predictors,0.1,recall,30,0.3727810650887574,0.385207100591716,0.013666567581220758,0.3803165821910857,0.39009761899234624,-0.012426035502958573,0.01366656758122076,-0.017316553903588813,-0.0075355171023283336
Random Forest,all_predictors,0.1,f1_score,30,0.4012738853503185,0.4092556117649047,0.013172596742925351,0.40454185855858543,0.413969364971224,-0.007981726414586348,0.013172596742925351,-0.01269547962090562,-0.003267973208267076
Random Forest,all_predictors,0.1,roc_auc,30,0.7915362662160299,0.7885317377253397,0.005016171722562978,0.7867367237275584,0.790326751723121,0.003004528490690254,0.005016171722562978,0.0012095144929089585,0.004799542488471549
Random Forest,all_predictors,0.1,average_precision,30,0.3998756330234307,0.3910605986978801,0.007860731886629394,0.38824767191831283,0.3938735254774474,0.008815034325550619,0.007860731886629394,0.006002107545983339,0.0116279611051179
Logistic Regression,all_predictors,0.2,accuracy,30,0.848644578313253,0.8362198795180721,0.004682767170452543,0.8345441728070151,0.8378955862291291,0.01242469879518073,0.004682767170452542,0.010748992084123752,0.014100405506237708
Logistic Regression,all_predictors,0.2,balanced_accuracy,30,0.7085862634080593,0.7046691444879537,0.00851994491933086,0.7016203213542213,0.7077179676216862,0.0039171189201054855,0.00851994491933086,0.0008682957863730433,0.006965942053837928
Logistic Regression,all_predictors,0.2,precision,30,0.4230769230769231,0.3933301444617738,0.012120961470169632,0.38899271410474334,0.3976675748188042,0.02974677861514927,0.012120961470169632,0.02540934825811885,0.03408420897217969
Logistic Regression,all_predictors,0.2,recall,30,0.5207100591715976,0.5282051282051282,0.01644027253973632,0.5223220522323846,0.5340882041778718,-0.007495069033530586,0.01644027253973632,-0.013378145006274189,-0.0016119930607869839
Logistic Regression,all_predictors,0.2,f1_score,30,0.46684350132625996,0.4508156681795458,0.012507368378421552,0.44633996388623215,0.4552913724728595,0.016027833146714125,0.012507368378421554,0.011552128853400439,0.02050353744002781
Logistic Regression,all_predictors,0.2,roc_auc,30,0.8054535893521757,0.7873728116974947,0.008937717182883843,0.7841744906792323,0.7905711327157572,0.018080777654680937,0.008937717182883845,0.014882456636418491,0.02127909867294338
Logistic Regression,all_predictors,0.2,average_precision,30,0.3874020618937343,0.369681142560588,0.008661161011393866,0.3665817858973065,0.37278049922386947,0.017720919333146287,0.008661161011393866,0.01462156266986483,0.020820275996427745
Random Forest,all_predictors,0.2,accuracy,30,0.858433734939759,0.8563253012048193,0.004784585093683454,0.8546131594178652,0.8580374429917734,0.002108433734939763,0.004784585093683454,0.00039629194798567716,0.003820575521893849
Random Forest,all_predictors,0.2,balanced_accuracy,30,0.6510152089895901,0.6605056389154086,0.008174646783124266,0.6575803791328092,0.663430898698008,-0.009490429925818522,0.008174646783124266,-0.012415689708417934,-0.0065651701432191106
Random Forest,all_predictors,0.2,precision,30,0.43448275862068964,0.4306445997830016,0.018793467047454757,0.42391944397039594,0.4373697555956073,0.0038381588376879714,0.018793467047454757,-0.002886996974917736,0.010563314650293679
Random Forest,all_predictors,0.2,recall,30,0.3727810650887574,0.3978303747534517,0.01535817209602551,0.3923345234514125,0.40332622605549084,-0.02504930966469427,0.01535817209602551,-0.030545160966733455,-0.019553458362655086
Random Forest,all_predictors,0.2,f1_score,30,0.4012738853503185,0.4134367271047158,0.01494571469533162,0.4080884717879583,0.4187849824214733,-0.012162841754397375,0.014945714695331618,-0.017511097071154832,-0.0068145864376399174
Random Forest,all_predictors,0.2,roc_auc,30,0.7915362662160299,0.7817886942596571,0.008897126689819249,0.7786048983627936,0.7849724901565207,0.009747571956372622,0.008897126689819249,0.006563776059509045,0.0129313678532362
Random Forest,all_predictors,0.2,average_precision,30,0.3998756330234307,0.37958565413500195,0.011106343412353819,0.3756113001870165,0.3835600080829874,0.020289978888428754,0.01110634341235382,0.016315624940443297,0.024264332836414212
Logistic Regression,all_predictors,0.5,accuracy,30,0.848644578313253,0.7621736947791163,0.009319666046602715,0.7588386951153187,0.765508694442914,0.08647088353413655,0.009319666046602715,0.08313588387033888,0.08980588319793423
Logistic Regression,all_predictors,0.5,balanced_accuracy,30,0.7085862634080593,0.6635111033962829,0.014685483415242423,0.658255970647144,0.6687662361454219,0.04507516001177637,0.014685483415242421,0.03982002726263746,0.050330292760915274
Logistic Regression,all_predictors,0.5,precision,30,0.4230769230769231,0.2752437519090066,0.014530856637400346,0.27004395164169037,0.2804435521763228,0.14783317116791653,0.014530856637400346,0.14263337090060035,0.1530329714352327
Logistic Regression,all_predictors,0.5,recall,30,0.5207100591715976,0.5311637080867849,0.02676553133410056,0.5215857857069234,0.5407416304666465,-0.010453648915187384,0.02676553133410055,-0.020031571295048883,-0.0008757265353258846
Logistic Regression,all_predictors,0.5,f1_score,30,0.46684350132625996,0.3624963430369823,0.017807040058246962,0.35612417558907966,0.36886851048488495,0.10434715828927767,0.017807040058246966,0.09797499084137502,0.11071932573718031
Logistic Regression,all_predictors,0.5,roc_auc,30,0.8054535893521757,0.7270160803113614,0.015759177982075337,0.7213767308959275,0.7326554297267954,0.0784375090408143,0.015759177982075333,0.07279815962538032,0.08407685845624828
Logistic Regression,all_predictors,0.5,average_precision,30,0.3874020618937343,0.3070853703370123,0.015428513022530213,0.30156434785769365,0.3126063928163309,0.080316691556722,0.015428513022530213,0.07479566907740336,0.08583771403604064
Random Forest,all_predictors,0.5,accuracy,30,0.858433734939759,0.8366967871485945,0.005905211058476638,0.8345836345102708,0.8388099397869182,0.021736947791164685,0.005905211058476638,0.01962379515284103,0.02385010042948834
Random Forest,all_predictors,0.5,balanced_accuracy,30,0.6510152089895901,0.6608010714534907,0.01155710651220813,0.6566654140018229,0.6649367289051584,-0.009785862463900556,0.01155710651220813,-0.013921519915568371,-0.005650205012232742
Random Forest,all_predictors,0.5,precision,30,0.43448275862068964,0.37526716538507704,0.017611391747969937,0.3689650097858537,0.38156932098430035,0.059215593235612686,0.017611391747969937,0.05291343763638935,0.06551774883483602
Random Forest,all_predictors,0.5,recall,30,0.3727810650887574,0.42485207100591726,0.023329543998966407,0.4165037009029491,0.43320044110888545,-0.05207100591715975,0.023329543998966407,-0.06041937602012796,-0.043722635814191536
Random Forest,all_predictors,0.5,f1_score,30,0.4012738853503185,0.39830880969168886,0.01790416203498624,0.39190188759075967,0.40471573179261805,0.0029650756586296198,0.017904162034986237,-0.00344184644229956,0.0093719977595588
Random Forest,all_predictors,0.5,roc_auc,30,0.7915362662160299,0.751666998517732,0.013476472887072063,0.7468445046297727,0.7564894924056913,0.03986926769829798,0.013476472887072061,0.03504677381033864,0.044691761586257324
Random Forest,all_predictors,0.5,average_precision,30,0.3998756330234307,0.34354496787092403,0.016039600471523863,0.33780527055639625,0.3492846651854518,0.05633066515250674,0.016039600471523863,0.05059096783797898,0.0620703624670345
Logistic Regression,all_predictors,1.0,accuracy,30,0.848644578313253,0.6625502008032129,0.01049520172613354,0.6587945410989788,0.666305860507447,0.18609437751004018,0.01049520172613354,0.18233871780580613,0.18985003721427424
Logistic Regression,all_predictors,1.0,balanced_accuracy,30,0.7085862634080593,0.6050882128203428,0.016945006457263132,0.5990245201348497,0.6111519055058358,0.10349805058771669,0.01694500645726313,0.09743435790222373,0.10956174327320965
Logistic Regression,all_predictors,1.0,precision,30,0.4230769230769231,0.19505568645330637,0.01111390575471217,0.1910786263558627,0.19903274655075004,0.2280212366236167,0.01111390575471217,0.22404417652617303,0.23199829672106037
Logistic Regression,all_predictors,1.0,recall,30,0.5207100591715976,0.5280078895463511,0.03114377122086297,0.5168632341443659,0.5391525449483364,-0.007297830374753454,0.03114377122086297,-0.01844248577673873,0.0038468250272318243
Logistic Regression,all_predictors,1.0,f1_score,30,0.46684350132625996,0.28482999680728427,0.015992509830236173,0.2791071506623239,0.29055284295224465,0.18201350451897572,0.015992509830236173,0.1762906583740153,0.18773635066393612
Logistic Regression,all_predictors,1.0,roc_auc,30,0.8054535893521757,0.6498579847620797,0.01981594565459679,0.6427669396789778,0.6569490298451816,0.1555956045900959,0.01981594565459679,0.14850455950699404,0.16268664967319774
Logistic Regression,all_predictors,1.0,average_precision,30,0.3874020618937343,0.23217004139474895,0.017994620687247914,0.2257307490808345,0.2386093337086634,0.15523202049898532,0.017994620687247914,0.14879272818507086,0.1616713128128998
Random Forest,all_predictors,1.0,accuracy,30,0.858433734939759,0.7691265060240965,0.010299373374902355,0.7654409225953698,0.7728120894528232,0.08930722891566267,0.010299373374902356,0.08562164548693595,0.0929928123443894
Random Forest,all_predictors,1.0,balanced_accuracy,30,0.6510152089895901,0.633546058375155,0.018043734992112672,0.6270891907329624,0.6400029260173475,0.017469150614435023,0.01804373499211267,0.011012282972242424,0.023926018256627622
Random Forest,all_predictors,1.0,precision,30,0.43448275862068964,0.26318679832424413,0.01913932141723349,0.2563378801148779,0.27003571653361036,0.17129596029644548,0.019139321417233495,0.16444704208707928,0.17814487850581168
Random Forest,all_predictors,1.0,recall,30,0.3727810650887574,0.4516765285996055,0.0332311769207117,0.43978490466115183,0.46356815253805916,-0.07889546351084811,0.0332311769207117,-0.09078708744930178,-0.06700383957239445
Random Forest,all_predictors,1.0,f1_score,30,0.4012738853503185,0.3324442314388682,0.023208953695637143,0.3241390140217419,0.3407494488559945,0.06882965391145028,0.023208953695637146,0.06052443649432396,0.0771348713285766
Random Forest,all_predictors,1.0,roc_auc,30,0.7915362662160299,0.6973011148493992,0.019035074173819555,0.690489501036993,0.7041127286618053,0.09423515136663072,0.01903507417381955,0.08742353755422452,0.10104676517903691
Random Forest,all_predictors,1.0,average_precision,30,0.3998756330234307,0.2786996709029507,0.016890678891100103,0.2726554190873326,0.28474392271856885,0.12117596212047993,0.016890678891100103,0.11513171030486177,0.1272202139360981
