sector,model,feature_group,noise_intensity,metric,seed_count,clean_performance,mean_noisy_performance,std_noisy_performance,noisy_performance_ci95_lower,noisy_performance_ci95_upper,mean_performance_degradation,std_performance_degradation,degradation_ci95_lower,degradation_ci95_upper
XLK,Logistic Regression,volatility,0.2,balanced_accuracy,30,0.7524657225074762,0.7475792284978089,0.0041799233642755,0.7460834621318412,0.7490749948637766,0.0048864940096673,0.0041799233642755,0.0033907276436997,0.006382260375635
XLK,Logistic Regression,volatility,0.2,f1_score,30,0.6325802615933412,0.6255391934802066,0.0051018019429538,0.6237135371015946,0.6273648498588186,0.0070410681131347,0.0051018019429538,0.0052154117345228,0.0088667244917467
XLK,Logistic Regression,volatility,0.2,roc_auc,30,0.8096259098346781,0.8061853711749328,0.0031500471817298,0.805058141267822,0.8073126010820436,0.0034405386597453,0.0031500471817298,0.0023133087526344,0.0045677685668561
XLK,Logistic Regression,volatility,0.2,average_precision,30,0.6323563262073739,0.6286303247277806,0.0048809124994096,0.6268837126213853,0.6303769368341758,0.0037260014795934,0.0048809124994096,0.0019793893731982,0.0054726135859886
XLK,Random Forest,volatility,0.2,balanced_accuracy,30,0.7346470687806805,0.7307552333126446,0.0064465401686388,0.7284483685400698,0.7330620980852194,0.0038918354680359,0.0064465401686388,0.0015849706954612,0.0061987002406107
XLK,Random Forest,volatility,0.2,f1_score,30,0.6134347275031685,0.6086028727845106,0.0087257277469089,0.6054804112116585,0.6117253343573628,0.0048318547186578,0.0087257277469089,0.0017093931458058,0.0079543162915099
XLK,Random Forest,volatility,0.2,roc_auc,30,0.8044715905885008,0.8025818616110894,0.0034529439930019,0.8013462414721069,0.8038174817500718,0.0018897289774116,0.0034529439930019,0.0006541088384291,0.0031253491163941
XLK,Random Forest,volatility,0.2,average_precision,30,0.6370969413832709,0.6332794778756468,0.0063842838436109,0.6309948912428679,0.6355640645084256,0.003817463507624,0.0063842838436109,0.0015328768748451,0.0061020501404028
XLK,Logistic Regression,volatility,0.5,balanced_accuracy,30,0.7524657225074762,0.7221769264044836,0.0084090033976121,0.7191678031844372,0.72518604962453,0.0302887961029924,0.0084090033976121,0.027279672882946,0.0332979193230388
XLK,Logistic Regression,volatility,0.5,f1_score,30,0.6325802615933412,0.5926165019280951,0.0102092230473276,0.5889631783797814,0.5962698254764088,0.0399637596652461,0.0102092230473276,0.0363104361169324,0.0436170832135597
XLK,Logistic Regression,volatility,0.5,roc_auc,30,0.8096259098346781,0.7854931445014953,0.0070347013147556,0.7829758089658321,0.7880104800371586,0.0241327653331828,0.0070347013147556,0.0216154297975195,0.026650100868846
XLK,Logistic Regression,volatility,0.5,average_precision,30,0.6323563262073739,0.6049087790941942,0.0115554478427342,0.6007737151897747,0.6090438429986136,0.0274475471131796,0.0115554478427342,0.0233124832087602,0.031582611017599
XLK,Random Forest,volatility,0.5,balanced_accuracy,30,0.7346470687806805,0.718188135943877,0.0081770543747176,0.7152620146156906,0.7211142572720634,0.0164589328368034,0.0081770543747176,0.013532811508617,0.0193850541649898
XLK,Random Forest,volatility,0.5,f1_score,30,0.6134347275031685,0.59138705775356,0.0111595347854739,0.5873936695171585,0.5953804459899615,0.0220476697496084,0.0111595347854739,0.0180542815132068,0.0260410579860099
XLK,Random Forest,volatility,0.5,roc_auc,30,0.8044715905885008,0.7878939795745643,0.0064554382461044,0.785583930665862,0.7902040284832667,0.0165776110139366,0.0064554382461044,0.0142675621052343,0.018887659922639
XLK,Random Forest,volatility,0.5,average_precision,30,0.6370969413832709,0.6104839691404514,0.0118523604763989,0.6062426564146153,0.6147252818662876,0.0266129722428196,0.0118523604763989,0.0223716595169834,0.0308542849686558
XLK,Logistic Regression,volatility,1.0,balanced_accuracy,30,0.7524657225074762,0.6773231582313002,0.0116793250286671,0.6731437654452049,0.6815025510173954,0.075142564276176,0.0116793250286671,0.0709631714900807,0.0793219570622713
XLK,Logistic Regression,volatility,1.0,f1_score,30,0.6325802615933412,0.539320982855916,0.0132121210120008,0.5345930860715523,0.5440488796402797,0.0932592787374253,0.0132121210120008,0.0885313819530615,0.097987175521789
XLK,Logistic Regression,volatility,1.0,roc_auc,30,0.8096259098346781,0.7360872877052419,0.0115842621710732,0.7319419127258502,0.7402326626846336,0.0735386221294362,0.0115842621710732,0.0693932471500445,0.077683997108828
XLK,Logistic Regression,volatility,1.0,average_precision,30,0.6323563262073739,0.544145738523832,0.0185403661070944,0.5375111537195422,0.5507803233281218,0.088210587683542,0.0185403661070944,0.0815760028792522,0.0948451724878317
XLK,Random Forest,volatility,1.0,balanced_accuracy,30,0.7346470687806805,0.6936683029584908,0.011142726189519,0.6896809296009034,0.6976556763160782,0.0409787658221896,0.011142726189519,0.0369913924646022,0.0449661391797771
XLK,Random Forest,volatility,1.0,f1_score,30,0.6134347275031685,0.5579596485388182,0.015007520977148,0.5525892761281598,0.5633300209494766,0.0554750789643503,0.015007520977148,0.0501047065536919,0.0608454513750087
XLK,Random Forest,volatility,1.0,roc_auc,30,0.8044715905885008,0.7604583497902913,0.0093026126137844,0.7571294526190541,0.7637872469615284,0.0440132407982094,0.0093026126137844,0.0406843436269722,0.0473421379694466
XLK,Random Forest,volatility,1.0,average_precision,30,0.6370969413832709,0.5684519493414036,0.0189943798124523,0.5616548978191911,0.5752490008636162,0.0686449920418671,0.0189943798124523,0.0618479405196545,0.0754420435640797
XLK,Logistic Regression,all_predictors,0.2,balanced_accuracy,30,0.7524657225074762,0.7408217194229719,0.0074021982090862,0.7381728768126012,0.7434705620333426,0.0116440030845041,0.0074021982090862,0.0089951604741334,0.0142928456948749
XLK,Logistic Regression,all_predictors,0.2,f1_score,30,0.6325802615933412,0.616773267930004,0.0092598042219669,0.6134596895450414,0.6200868463149666,0.0158069936633373,0.0092598042219669,0.0124934152783747,0.0191205720482998
XLK,Logistic Regression,all_predictors,0.2,roc_auc,30,0.8096259098346781,0.8034864300626305,0.003460098880297,0.8022482495801116,0.8047246105451494,0.0061394797720475,0.003460098880297,0.0049012992895287,0.0073776602545664
XLK,Logistic Regression,all_predictors,0.2,average_precision,30,0.6323563262073739,0.6255644671206545,0.0033395459774175,0.6243694259403985,0.6267595083009105,0.0067918590867193,0.0033395459774175,0.0055968179064633,0.0079869002669754
XLK,Random Forest,all_predictors,0.2,balanced_accuracy,30,0.7346470687806805,0.7302224040324248,0.0067988276630883,0.7277894747989913,0.7326553332658583,0.0044246647482556,0.0067988276630883,0.001991735514822,0.0068575939816891
XLK,Random Forest,all_predictors,0.2,f1_score,30,0.6134347275031685,0.6076581849640438,0.0091654835229626,0.6043783588077443,0.6109380111203433,0.0057765425391246,0.0091654835229626,0.0024967163828251,0.009056368695424
XLK,Random Forest,all_predictors,0.2,roc_auc,30,0.8044715905885008,0.8007481803306437,0.004814978059575,0.7990251625605241,0.8024711981007632,0.003723410257857,0.004814978059575,0.0020003924877375,0.0054464280279765
XLK,Random Forest,all_predictors,0.2,average_precision,30,0.6370969413832709,0.6303530745923329,0.006270954832227,0.6281090422254445,0.6325971069592213,0.006743866790938,0.006270954832227,0.0044998344240495,0.0089878991578264
XLK,Logistic Regression,all_predictors,0.5,balanced_accuracy,30,0.7524657225074762,0.7083455585021348,0.0113924164848343,0.7042688346198862,0.7124222823843833,0.0441201640053415,0.0113924164848343,0.040043440123093,0.04819688788759
XLK,Logistic Regression,all_predictors,0.5,f1_score,30,0.6325802615933412,0.5754536120427647,0.0136338060264327,0.570574817213951,0.5803324068715784,0.0571266495505764,0.0136338060264327,0.0522478547217627,0.0620054443793901
XLK,Logistic Regression,all_predictors,0.5,roc_auc,30,0.8096259098346781,0.7728072749158345,0.0081661477875102,0.7698850564597561,0.7757294933719128,0.0368186349188436,0.0081661477875102,0.0338964164627653,0.0397408533749219
XLK,Logistic Regression,all_predictors,0.5,average_precision,30,0.6323563262073739,0.5897033116383756,0.0079349890092945,0.5868638122887307,0.5925428109880205,0.0426530145689982,0.0079349890092945,0.0398135152193534,0.0454925139186431
XLK,Random Forest,all_predictors,0.5,balanced_accuracy,30,0.7346470687806805,0.7129078974590456,0.0100508786900047,0.7093112367112867,0.7165045582068045,0.0217391713216348,0.0100508786900047,0.0181425105738759,0.0253358320693937
XLK,Random Forest,all_predictors,0.5,f1_score,30,0.6134347275031685,0.5834427993714838,0.0131615273382212,0.5787330073007655,0.5881525914422021,0.0299919281316847,0.0131615273382212,0.0252821360609664,0.0347017202024029
XLK,Random Forest,all_predictors,0.5,roc_auc,30,0.8044715905885008,0.7751640053414587,0.0087660090419435,0.7720271292923018,0.7783008813906156,0.0293075852470424,0.0087660090419435,0.0261707091978855,0.0324444612961993
XLK,Random Forest,all_predictors,0.5,average_precision,30,0.6370969413832709,0.5921536365487552,0.013177754497263,0.58743803766375,0.5968692354337604,0.0449433048345156,0.013177754497263,0.0402277059495104,0.0496589037195208
XLK,Logistic Regression,all_predictors,1.0,balanced_accuracy,30,0.7524657225074762,0.6542482461584758,0.0114577573065712,0.6501481403634597,0.6583483519534918,0.0982174763490004,0.0114577573065712,0.0941173705539843,0.1023175821440165
XLK,Logistic Regression,all_predictors,1.0,f1_score,30,0.6325802615933412,0.5144008495927401,0.0126237297925389,0.509883505902154,0.5189181932833262,0.1181794120006011,0.0126237297925389,0.113662068310015,0.1226967556911872
XLK,Logistic Regression,all_predictors,1.0,roc_auc,30,0.8096259098346781,0.7100482423968851,0.0128713518345976,0.7054422882965606,0.7146541964972096,0.0995776674377926,0.0128713518345977,0.0949717133374681,0.1041836215381172
XLK,Logistic Regression,all_predictors,1.0,average_precision,30,0.6323563262073739,0.5099363728335402,0.0135911844802321,0.5050728299291558,0.5147999157379246,0.1224199533738337,0.0135911844802321,0.1175564104694494,0.127283496278218
XLK,Random Forest,all_predictors,1.0,balanced_accuracy,30,0.7346470687806805,0.6616987342248302,0.0118238618569631,0.6574676195989861,0.6659298488506742,0.0729483345558502,0.0118238618569631,0.0687172199300063,0.0771794491816942
XLK,Random Forest,all_predictors,1.0,f1_score,30,0.6134347275031685,0.5191925609893688,0.0144344946520711,0.5140272434156459,0.5243578785630918,0.0942421665137997,0.0144344946520711,0.0890768489400767,0.0994074840875227
XLK,Random Forest,all_predictors,1.0,roc_auc,30,0.8044715905885008,0.7147537098685324,0.0135150983456148,0.709917394037747,0.7195900256993177,0.0897178807199684,0.0135150983456148,0.084881564889183,0.0945541965507538
XLK,Random Forest,all_predictors,1.0,average_precision,30,0.6370969413832709,0.5089557848897605,0.0164654909537983,0.5030636846234426,0.5148478851560783,0.1281411564935104,0.0164654909537983,0.1222490562271926,0.1340332567598283
XLE,Logistic Regression,volatility,0.2,balanced_accuracy,30,0.6536102508046395,0.6577686686504322,0.0076826238572543,0.6550194770106343,0.66051786029023,-0.0041584178457926,0.0076826238572543,-0.0069076094855904,-0.0014092262059948
XLE,Logistic Regression,volatility,0.2,f1_score,30,0.482233502538071,0.487534737207825,0.0096091357435722,0.484096152143301,0.490973322272349,-0.0053012346697539,0.0096091357435722,-0.0087398197342779,-0.0018626496052299
XLE,Logistic Regression,volatility,0.2,roc_auc,30,0.7425669520859902,0.734027043986964,0.0047592921341448,0.7323239531693403,0.7357301348045876,0.0085399080990263,0.0047592921341448,0.0068368172814027,0.01024299891665
XLE,Logistic Regression,volatility,0.2,average_precision,30,0.466840404729364,0.4606286965859016,0.0046973069845084,0.4589477868692063,0.462309606302597,0.0062117081434623,0.0046973069845084,0.004530798426767,0.0078926178601576
XLE,Random Forest,volatility,0.2,balanced_accuracy,30,0.6200582984150118,0.6268892330114776,0.0090241623779493,0.6236599779774427,0.6301184880455125,-0.0068309345964656,0.0090241623779493,-0.0100601896305006,-0.0036016795624307
XLE,Random Forest,volatility,0.2,f1_score,30,0.4322766570605187,0.4418154991460226,0.0129944414198615,0.437165498003302,0.4464655002887431,-0.0095388420855039,0.0129944414198615,-0.0141888432282245,-0.0048888409427833
XLE,Random Forest,volatility,0.2,roc_auc,30,0.7141100382583349,0.7123672597720695,0.0062391027861367,0.71013462551349,0.7145998940306489,0.0017427784862654,0.0062391027861367,-0.0004898557723139,0.0039754127448449
XLE,Random Forest,volatility,0.2,average_precision,30,0.4534410905413171,0.4552731024057658,0.0067718077805472,0.4528498421131225,0.457696362698409,-0.0018320118644487,0.0067718077805472,-0.0042552721570919,0.0005912484281944
XLE,Logistic Regression,volatility,0.5,balanced_accuracy,30,0.6536102508046395,0.6432839416206149,0.0122200772822174,0.638911043125756,0.6476568401154738,0.0103263091840245,0.0122200772822174,0.0059534106891656,0.0146992076788834
XLE,Logistic Regression,volatility,0.5,f1_score,30,0.482233502538071,0.4705444082079006,0.0148382796196753,0.4652345980392205,0.4758542183765806,0.0116890943301704,0.0148382796196753,0.0063792841614904,0.0169989044988505
XLE,Logistic Regression,volatility,0.5,roc_auc,30,0.7425669520859902,0.7021090666180847,0.0108083805429435,0.6982413373135509,0.7059767959226185,0.0404578854679055,0.0108083805429435,0.0365901561633717,0.0443256147724393
XLE,Logistic Regression,volatility,0.5,average_precision,30,0.466840404729364,0.4356924585711088,0.0103170511417256,0.4320005492347671,0.4393843679074504,0.0311479461582552,0.0103170511417256,0.0274560368219136,0.0348398554945969
XLE,Random Forest,volatility,0.5,balanced_accuracy,30,0.6200582984150118,0.6243298718649422,0.0112609924328773,0.6203001774756927,0.6283595662541916,-0.0042715734499302,0.0112609924328773,-0.0083012678391797,-0.0002418790606807
XLE,Random Forest,volatility,0.5,f1_score,30,0.4322766570605187,0.4393404831729527,0.0160479054297752,0.4335978139672823,0.4450831523786231,-0.007063826112434,0.0160479054297752,-0.0128064953181044,-0.0013211569067636
XLE,Random Forest,volatility,0.5,roc_auc,30,0.7141100382583349,0.6937677374951924,0.0114454711031933,0.6896720282615906,0.6978634467287942,0.0203423007631424,0.0114454711031933,0.0162465915295406,0.0244380099967442
XLE,Random Forest,volatility,0.5,average_precision,30,0.4534410905413171,0.4443336316676602,0.0111268661459217,0.4403519337537851,0.4483153295815353,0.0091074588736568,0.0111268661459217,0.0051257609597817,0.0130891567875319
XLE,Logistic Regression,volatility,1.0,balanced_accuracy,30,0.6536102508046395,0.6075519726321331,0.0189573586565813,0.6007681689604085,0.6143357763038577,0.0460582781725065,0.0189573586565813,0.0392744745007819,0.0528420818442311
XLE,Logistic Regression,volatility,1.0,f1_score,30,0.482233502538071,0.4330480060321518,0.0210866209966261,0.4255022556176279,0.4405937564466757,0.0491854965059192,0.0210866209966261,0.0416397460913953,0.0567312469204432
XLE,Logistic Regression,volatility,1.0,roc_auc,30,0.7425669520859902,0.6509711341875671,0.0163536779941195,0.6451190456750044,0.6568232227001298,0.0915958178984231,0.0163536779941195,0.0857437293858604,0.0974479064109858
XLE,Logistic Regression,volatility,1.0,average_precision,30,0.466840404729364,0.3895089706331067,0.0148931901573529,0.3841795109808746,0.3948384302853389,0.0773314340962573,0.0148931901573529,0.0720019744440251,0.0826608937484894
XLE,Random Forest,volatility,1.0,balanced_accuracy,30,0.6200582984150118,0.6106202303597092,0.0138833292465354,0.6056521447933314,0.6155883159260871,0.0094380680553025,0.0138833292465354,0.0044699824889247,0.0144061536216803
XLE,Random Forest,volatility,1.0,f1_score,30,0.4322766570605187,0.4235188418874244,0.0189434254627221,0.4167400241450886,0.4302976596297601,0.0087578151730943,0.0189434254627221,0.0019789974307585,0.0155366329154301
XLE,Random Forest,volatility,1.0,roc_auc,30,0.7141100382583349,0.6562704196271328,0.0166449430709375,0.6503141032454162,0.6622267360088495,0.0578396186312017,0.0166449430709375,0.0518833022494851,0.0637959350129184
XLE,Random Forest,volatility,1.0,average_precision,30,0.4534410905413171,0.4090301796352584,0.0148004189271182,0.4037339177414111,0.4143264415291057,0.0444109109060586,0.0148004189271182,0.0391146490122113,0.0497071727999059
XLE,Logistic Regression,all_predictors,0.2,balanced_accuracy,30,0.6536102508046395,0.6564983502358254,0.0069194195843456,0.6540222677375818,0.658974432734069,-0.0028880994311856,0.0069194195843456,-0.0053641819294292,-0.0004120169329421
XLE,Logistic Regression,all_predictors,0.2,f1_score,30,0.482233502538071,0.4859356866197547,0.0086970615438904,0.4828234831159097,0.4890478901235997,-0.0037021840816837,0.0086970615438904,-0.0068143875855287,-0.0005899805778386
XLE,Logistic Regression,all_predictors,0.2,roc_auc,30,0.7425669520859902,0.7322545090180361,0.0042073203464381,0.7307489387679116,0.7337600792681607,0.0103124430679541,0.0042073203464381,0.0088068728178296,0.0118180133180786
XLE,Logistic Regression,all_predictors,0.2,average_precision,30,0.466840404729364,0.4590269431230354,0.0040254599595869,0.4575864507765583,0.4604674354695124,0.0078134616063286,0.0040254599595869,0.0063729692598516,0.0092539539528057
XLE,Random Forest,all_predictors,0.2,balanced_accuracy,30,0.6200582984150118,0.6264502742859456,0.0094958962926166,0.6230522114385243,0.6298483371333669,-0.0063919758709338,0.0094958962926166,-0.009790038718355,-0.0029939130235125
XLE,Random Forest,all_predictors,0.2,f1_score,30,0.4322766570605187,0.4406332812698185,0.0140781572126433,0.4355954774111522,0.4456710851284848,-0.0083566242092998,0.0140781572126433,-0.0133944280679661,-0.0033188203506335
XLE,Random Forest,all_predictors,0.2,roc_auc,30,0.7141100382583349,0.713331207870286,0.0064480450381663,0.7110238045870669,0.7156386111535051,0.0007788303880488,0.0064480450381663,-0.0015285728951703,0.0030862336712679
XLE,Random Forest,all_predictors,0.2,average_precision,30,0.4534410905413171,0.4573227422494197,0.0077190249980504,0.4545605246286791,0.4600849598701603,-0.0038816517081026,0.0077190249980504,-0.0066438693288432,-0.001119434087362
XLE,Logistic Regression,all_predictors,0.5,balanced_accuracy,30,0.6536102508046395,0.6381530738244164,0.0095063442590664,0.6347512722202175,0.6415548754286153,0.015457176980223,0.0095063442590664,0.012055375376024,0.0188589785844219
XLE,Logistic Regression,all_predictors,0.5,f1_score,30,0.482233502538071,0.4645626137643073,0.0115202629946908,0.460440140596059,0.4686850869325557,0.0176708887737637,0.0115202629946908,0.0135484156055153,0.021793361942012
XLE,Logistic Regression,all_predictors,0.5,roc_auc,30,0.7425669520859902,0.695580352624441,0.0092339826114566,0.6922760143841296,0.6988846908647524,0.0469865994615494,0.0092339826114566,0.0436822612212379,0.0502909377018608
XLE,Logistic Regression,all_predictors,0.5,average_precision,30,0.466840404729364,0.4303348715611685,0.0091371521315773,0.4270651836630719,0.4336045594592651,0.0365055331681954,0.0091371521315773,0.0332358452700988,0.039775221066292
XLE,Random Forest,all_predictors,0.5,balanced_accuracy,30,0.6200582984150118,0.6238020485415274,0.0092972309397396,0.6204750771776143,0.6271290199054406,-0.0037437501265156,0.0092972309397396,-0.0070707214904288,-0.0004167787626025
XLE,Random Forest,all_predictors,0.5,f1_score,30,0.4322766570605187,0.4384393853534228,0.0133327981973979,0.4336683047928685,0.4432104659139771,-0.0061627282929041,0.0133327981973979,-0.0109338088534584,-0.0013916477323498
XLE,Random Forest,all_predictors,0.5,roc_auc,30,0.7141100382583349,0.6874472176676586,0.0105290250165181,0.6836794544544043,0.6912149808809129,0.0266628205906763,0.0105290250165181,0.0228950573774219,0.0304305838039306
XLE,Random Forest,all_predictors,0.5,average_precision,30,0.4534410905413171,0.4366290437362307,0.0104536964491223,0.4328882365046267,0.4403698509678347,0.0168120468050863,0.0104536964491223,0.0130712395734823,0.0205528540366903
XLE,Logistic Regression,all_predictors,1.0,balanced_accuracy,30,0.6536102508046395,0.6007664824598692,0.0139488551168753,0.5957749487619317,0.6057580161578067,0.0528437683447702,0.0139488551168753,0.0478522346468327,0.0578353020427078
XLE,Logistic Regression,all_predictors,1.0,f1_score,30,0.482233502538071,0.4265134481864274,0.0150980902837342,0.4211106659656422,0.4319162304072126,0.0557200543516436,0.0150980902837342,0.0503172721308584,0.0611228365724288
XLE,Logistic Regression,all_predictors,1.0,roc_auc,30,0.7425669520859902,0.6396667071516771,0.0137223501560332,0.6347562272130137,0.6445771870903404,0.1029002449343131,0.0137223501560332,0.0979897649956497,0.1078107248729764
XLE,Logistic Regression,all_predictors,1.0,average_precision,30,0.466840404729364,0.3797360992928905,0.0123374945069551,0.3753211835837809,0.3841510150020001,0.0871043054364735,0.0123374945069551,0.0826893897273639,0.091519221145583
XLE,Random Forest,all_predictors,1.0,balanced_accuracy,30,0.6200582984150118,0.5982536790753223,0.0107181613231283,0.5944182343039732,0.6020891238466715,0.0218046193396894,0.0107181613231283,0.0179691745683403,0.0256400641110385
XLE,Random Forest,all_predictors,1.0,f1_score,30,0.4322766570605187,0.4120728706150787,0.013640441792136,0.4071917012080045,0.4169540400221529,0.02020378644544,0.013640441792136,0.0153226170383658,0.0250849558525142
XLE,Random Forest,all_predictors,1.0,roc_auc,30,0.7141100382583349,0.6382413311471429,0.0139891034373321,0.6332353947727016,0.6432472675215841,0.075868707111192,0.0139891034373321,0.0708627707367508,0.0808746434856333
XLE,Random Forest,all_predictors,1.0,average_precision,30,0.4534410905413171,0.3861806600117532,0.0151823283240791,0.3807477335953687,0.3916135864281377,0.0672604305295638,0.0151823283240791,0.0618275041131793,0.0726933569459484
