feature_group,noise_intensity,seed,total_clipped_values,clipped_log_return_1d,clipped_return_5d,clipped_return_20d,clipped_volatility_5d,clipped_volatility_20d,clipped_downside_volatility_20d,clipped_price_to_ma_10,clipped_price_to_ma_50,clipped_rsi_14,clipped_volume_ratio_20d,clipped_intraday_range
returns,0.05,0,0,0,0,0,0,0,0,0,0,0,0,0
returns,0.05,1,0,0,0,0,0,0,0,0,0,0,0,0
returns,0.05,2,0,0,0,0,0,0,0,0,0,0,0,0
returns,0.05,3,0,0,0,0,0,0,0,0,0,0,0,0
returns,0.05,4,0,0,0,0,0,0,0,0,0,0,0,0
returns,0.05,5,0,0,0,0,0,0,0,0,0,0,0,0
returns,0.05,6,0,0,0,0,0,0,0,0,0,0,0,0
returns,0.05,7,0,0,0,0,0,0,0,0,0,0,0,0
returns,0.05,8,0,0,0,0,0,0,0,0,0,0,0,0
returns,0.05,9,0,0,0,0,0,0,0,0,0,0,0,0
returns,0.05,10,0,0,0,0,0,0,0,0,0,0,0,0
returns,0.05,11,0,0,0,0,0,0,0,0,0,0,0,0
returns,0.05,12,0,0,0,0,0,0,0,0,0,0,0,0
returns,0.05,13,0,0,0,0,0,0,0,0,0,0,0,0
returns,0.05,14,0,0,0,0,0,0,0,0,0,0,0,0
returns,0.05,15,0,0,0,0,0,0,0,0,0,0,0,0
returns,0.05,16,0,0,0,0,0,0,0,0,0,0,0,0
returns,0.05,17,0,0,0,0,0,0,0,0,0,0,0,0
returns,0.05,18,0,0,0,0,0,0,0,0,0,0,0,0
returns,0.05,19,0,0,0,0,0,0,0,0,0,0,0,0
returns,0.05,20,0,0,0,0,0,0,0,0,0,0,0,0
returns,0.05,21,0,0,0,0,0,0,0,0,0,0,0,0
returns,0.05,22,0,0,0,0,0,0,0,0,0,0,0,0
returns,0.05,23,0,0,0,0,0,0,0,0,0,0,0,0
returns,0.05,24,0,0,0,0,0,0,0,0,0,0,0,0
returns,0.05,25,0,0,0,0,0,0,0,0,0,0,0,0
returns,0.05,26,0,0,0,0,0,0,0,0,0,0,0,0
returns,0.05,27,0,0,0,0,0,0,0,0,0,0,0,0
returns,0.05,28,0,0,0,0,0,0,0,0,0,0,0,0
returns,0.05,29,0,0,0,0,0,0,0,0,0,0,0,0
returns,0.1,0,0,0,0,0,0,0,0,0,0,0,0,0
returns,0.1,1,0,0,0,0,0,0,0,0,0,0,0,0
returns,0.1,2,0,0,0,0,0,0,0,0,0,0,0,0
returns,0.1,3,0,0,0,0,0,0,0,0,0,0,0,0
returns,0.1,4,0,0,0,0,0,0,0,0,0,0,0,0
returns,0.1,5,0,0,0,0,0,0,0,0,0,0,0,0
returns,0.1,6,0,0,0,0,0,0,0,0,0,0,0,0
returns,0.1,7,0,0,0,0,0,0,0,0,0,0,0,0
returns,0.1,8,0,0,0,0,0,0,0,0,0,0,0,0
returns,0.1,9,0,0,0,0,0,0,0,0,0,0,0,0
returns,0.1,10,0,0,0,0,0,0,0,0,0,0,0,0
returns,0.1,11,0,0,0,0,0,0,0,0,0,0,0,0
returns,0.1,12,0,0,0,0,0,0,0,0,0,0,0,0
returns,0.1,13,0,0,0,0,0,0,0,0,0,0,0,0
returns,0.1,14,0,0,0,0,0,0,0,0,0,0,0,0
returns,0.1,15,0,0,0,0,0,0,0,0,0,0,0,0
returns,0.1,16,0,0,0,0,0,0,0,0,0,0,0,0
returns,0.1,17,0,0,0,0,0,0,0,0,0,0,0,0
returns,0.1,18,0,0,0,0,0,0,0,0,0,0,0,0
returns,0.1,19,0,0,0,0,0,0,0,0,0,0,0,0
returns,0.1,20,0,0,0,0,0,0,0,0,0,0,0,0
returns,0.1,21,0,0,0,0,0,0,0,0,0,0,0,0
returns,0.1,22,0,0,0,0,0,0,0,0,0,0,0,0
returns,0.1,23,0,0,0,0,0,0,0,0,0,0,0,0
returns,0.1,24,0,0,0,0,0,0,0,0,0,0,0,0
returns,0.1,25,0,0,0,0,0,0,0,0,0,0,0,0
returns,0.1,26,0,0,0,0,0,0,0,0,0,0,0,0
returns,0.1,27,0,0,0,0,0,0,0,0,0,0,0,0
returns,0.1,28,0,0,0,0,0,0,0,0,0,0,0,0
returns,0.1,29,0,0,0,0,0,0,0,0,0,0,0,0
returns,0.2,0,0,0,0,0,0,0,0,0,0,0,0,0
returns,0.2,1,0,0,0,0,0,0,0,0,0,0,0,0
returns,0.2,2,0,0,0,0,0,0,0,0,0,0,0,0
returns,0.2,3,0,0,0,0,0,0,0,0,0,0,0,0
returns,0.2,4,0,0,0,0,0,0,0,0,0,0,0,0
returns,0.2,5,0,0,0,0,0,0,0,0,0,0,0,0
returns,0.2,6,0,0,0,0,0,0,0,0,0,0,0,0
returns,0.2,7,0,0,0,0,0,0,0,0,0,0,0,0
returns,0.2,8,0,0,0,0,0,0,0,0,0,0,0,0
returns,0.2,9,0,0,0,0,0,0,0,0,0,0,0,0
returns,0.2,10,0,0,0,0,0,0,0,0,0,0,0,0
returns,0.2,11,0,0,0,0,0,0,0,0,0,0,0,0
returns,0.2,12,0,0,0,0,0,0,0,0,0,0,0,0
returns,0.2,13,0,0,0,0,0,0,0,0,0,0,0,0
returns,0.2,14,0,0,0,0,0,0,0,0,0,0,0,0
returns,0.2,15,0,0,0,0,0,0,0,0,0,0,0,0
returns,0.2,16,0,0,0,0,0,0,0,0,0,0,0,0
returns,0.2,17,0,0,0,0,0,0,0,0,0,0,0,0
returns,0.2,18,0,0,0,0,0,0,0,0,0,0,0,0
returns,0.2,19,0,0,0,0,0,0,0,0,0,0,0,0
returns,0.2,20,0,0,0,0,0,0,0,0,0,0,0,0
returns,0.2,21,0,0,0,0,0,0,0,0,0,0,0,0
returns,0.2,22,0,0,0,0,0,0,0,0,0,0,0,0
returns,0.2,23,0,0,0,0,0,0,0,0,0,0,0,0
returns,0.2,24,0,0,0,0,0,0,0,0,0,0,0,0
returns,0.2,25,0,0,0,0,0,0,0,0,0,0,0,0
returns,0.2,26,0,0,0,0,0,0,0,0,0,0,0,0
returns,0.2,27,0,0,0,0,0,0,0,0,0,0,0,0
returns,0.2,28,0,0,0,0,0,0,0,0,0,0,0,0
returns,0.2,29,0,0,0,0,0,0,0,0,0,0,0,0
returns,0.5,0,0,0,0,0,0,0,0,0,0,0,0,0
returns,0.5,1,0,0,0,0,0,0,0,0,0,0,0,0
returns,0.5,2,0,0,0,0,0,0,0,0,0,0,0,0
returns,0.5,3,0,0,0,0,0,0,0,0,0,0,0,0
returns,0.5,4,0,0,0,0,0,0,0,0,0,0,0,0
returns,0.5,5,0,0,0,0,0,0,0,0,0,0,0,0
returns,0.5,6,0,0,0,0,0,0,0,0,0,0,0,0
returns,0.5,7,0,0,0,0,0,0,0,0,0,0,0,0
returns,0.5,8,0,0,0,0,0,0,0,0,0,0,0,0
returns,0.5,9,0,0,0,0,0,0,0,0,0,0,0,0
returns,0.5,10,0,0,0,0,0,0,0,0,0,0,0,0
returns,0.5,11,0,0,0,0,0,0,0,0,0,0,0,0
returns,0.5,12,0,0,0,0,0,0,0,0,0,0,0,0
returns,0.5,13,0,0,0,0,0,0,0,0,0,0,0,0
returns,0.5,14,0,0,0,0,0,0,0,0,0,0,0,0
returns,0.5,15,0,0,0,0,0,0,0,0,0,0,0,0
returns,0.5,16,0,0,0,0,0,0,0,0,0,0,0,0
returns,0.5,17,0,0,0,0,0,0,0,0,0,0,0,0
returns,0.5,18,0,0,0,0,0,0,0,0,0,0,0,0
returns,0.5,19,0,0,0,0,0,0,0,0,0,0,0,0
returns,0.5,20,0,0,0,0,0,0,0,0,0,0,0,0
returns,0.5,21,0,0,0,0,0,0,0,0,0,0,0,0
returns,0.5,22,0,0,0,0,0,0,0,0,0,0,0,0
returns,0.5,23,0,0,0,0,0,0,0,0,0,0,0,0
returns,0.5,24,0,0,0,0,0,0,0,0,0,0,0,0
returns,0.5,25,0,0,0,0,0,0,0,0,0,0,0,0
returns,0.5,26,0,0,0,0,0,0,0,0,0,0,0,0
returns,0.5,27,0,0,0,0,0,0,0,0,0,0,0,0
returns,0.5,28,0,0,0,0,0,0,0,0,0,0,0,0
returns,0.5,29,0,0,0,0,0,0,0,0,0,0,0,0
returns,1.0,0,0,0,0,0,0,0,0,0,0,0,0,0
returns,1.0,1,0,0,0,0,0,0,0,0,0,0,0,0
returns,1.0,2,0,0,0,0,0,0,0,0,0,0,0,0
returns,1.0,3,0,0,0,0,0,0,0,0,0,0,0,0
returns,1.0,4,0,0,0,0,0,0,0,0,0,0,0,0
returns,1.0,5,0,0,0,0,0,0,0,0,0,0,0,0
returns,1.0,6,0,0,0,0,0,0,0,0,0,0,0,0
returns,1.0,7,0,0,0,0,0,0,0,0,0,0,0,0
returns,1.0,8,0,0,0,0,0,0,0,0,0,0,0,0
returns,1.0,9,0,0,0,0,0,0,0,0,0,0,0,0
returns,1.0,10,0,0,0,0,0,0,0,0,0,0,0,0
returns,1.0,11,0,0,0,0,0,0,0,0,0,0,0,0
returns,1.0,12,0,0,0,0,0,0,0,0,0,0,0,0
returns,1.0,13,0,0,0,0,0,0,0,0,0,0,0,0
returns,1.0,14,0,0,0,0,0,0,0,0,0,0,0,0
returns,1.0,15,0,0,0,0,0,0,0,0,0,0,0,0
returns,1.0,16,0,0,0,0,0,0,0,0,0,0,0,0
returns,1.0,17,0,0,0,0,0,0,0,0,0,0,0,0
returns,1.0,18,0,0,0,0,0,0,0,0,0,0,0,0
returns,1.0,19,0,0,0,0,0,0,0,0,0,0,0,0
returns,1.0,20,0,0,0,0,0,0,0,0,0,0,0,0
returns,1.0,21,0,0,0,0,0,0,0,0,0,0,0,0
returns,1.0,22,0,0,0,0,0,0,0,0,0,0,0,0
returns,1.0,23,0,0,0,0,0,0,0,0,0,0,0,0
returns,1.0,24,0,0,0,0,0,0,0,0,0,0,0,0
returns,1.0,25,0,0,0,0,0,0,0,0,0,0,0,0
returns,1.0,26,0,0,0,0,0,0,0,0,0,0,0,0
returns,1.0,27,0,0,0,0,0,0,0,0,0,0,0,0
returns,1.0,28,0,0,0,0,0,0,0,0,0,0,0,0
returns,1.0,29,0,0,0,0,0,0,0,0,0,0,0,0
volatility,0.05,0,0,0,0,0,0,0,0,0,0,0,0,0
volatility,0.05,1,0,0,0,0,0,0,0,0,0,0,0,0
volatility,0.05,2,0,0,0,0,0,0,0,0,0,0,0,0
volatility,0.05,3,0,0,0,0,0,0,0,0,0,0,0,0
volatility,0.05,4,0,0,0,0,0,0,0,0,0,0,0,0
volatility,0.05,5,0,0,0,0,0,0,0,0,0,0,0,0
volatility,0.05,6,0,0,0,0,0,0,0,0,0,0,0,0
volatility,0.05,7,0,0,0,0,0,0,0,0,0,0,0,0
volatility,0.05,8,0,0,0,0,0,0,0,0,0,0,0,0
volatility,0.05,9,0,0,0,0,0,0,0,0,0,0,0,0
volatility,0.05,10,0,0,0,0,0,0,0,0,0,0,0,0
volatility,0.05,11,0,0,0,0,0,0,0,0,0,0,0,0
volatility,0.05,12,0,0,0,0,0,0,0,0,0,0,0,0
volatility,0.05,13,0,0,0,0,0,0,0,0,0,0,0,0
volatility,0.05,14,0,0,0,0,0,0,0,0,0,0,0,0
volatility,0.05,15,0,0,0,0,0,0,0,0,0,0,0,0
volatility,0.05,16,0,0,0,0,0,0,0,0,0,0,0,0
volatility,0.05,17,0,0,0,0,0,0,0,0,0,0,0,0
volatility,0.05,18,0,0,0,0,0,0,0,0,0,0,0,0
volatility,0.05,19,0,0,0,0,0,0,0,0,0,0,0,0
volatility,0.05,20,0,0,0,0,0,0,0,0,0,0,0,0
volatility,0.05,21,0,0,0,0,0,0,0,0,0,0,0,0
volatility,0.05,22,0,0,0,0,0,0,0,0,0,0,0,0
volatility,0.05,23,0,0,0,0,0,0,0,0,0,0,0,0
volatility,0.05,24,0,0,0,0,0,0,0,0,0,0,0,0
volatility,0.05,25,0,0,0,0,0,0,0,0,0,0,0,0
volatility,0.05,26,0,0,0,0,0,0,0,0,0,0,0,0
volatility,0.05,27,0,0,0,0,0,0,0,0,0,0,0,0
volatility,0.05,28,0,0,0,0,0,0,0,0,0,0,0,0
volatility,0.05,29,0,0,0,0,0,0,0,0,0,0,0,0
volatility,0.1,0,0,0,0,0,0,0,0,0,0,0,0,0
volatility,0.1,1,0,0,0,0,0,0,0,0,0,0,0,0
volatility,0.1,2,0,0,0,0,0,0,0,0,0,0,0,0
volatility,0.1,3,1,0,0,0,0,0,1,0,0,0,0,0
volatility,0.1,4,2,0,0,0,2,0,0,0,0,0,0,0
volatility,0.1,5,1,0,0,0,0,0,1,0,0,0,0,0
volatility,0.1,6,0,0,0,0,0,0,0,0,0,0,0,0
volatility,0.1,7,0,0,0,0,0,0,0,0,0,0,0,0
volatility,0.1,8,0,0,0,0,0,0,0,0,0,0,0,0
volatility,0.1,9,0,0,0,0,0,0,0,0,0,0,0,0
volatility,0.1,10,0,0,0,0,0,0,0,0,0,0,0,0
volatility,0.1,11,1,0,0,0,1,0,0,0,0,0,0,0
volatility,0.1,12,0,0,0,0,0,0,0,0,0,0,0,0
volatility,0.1,13,0,0,0,0,0,0,0,0,0,0,0,0
volatility,0.1,14,0,0,0,0,0,0,0,0,0,0,0,0
volatility,0.1,15,0,0,0,0,0,0,0,0,0,0,0,0
volatility,0.1,16,0,0,0,0,0,0,0,0,0,0,0,0
volatility,0.1,17,0,0,0,0,0,0,0,0,0,0,0,0
volatility,0.1,18,0,0,0,0,0,0,0,0,0,0,0,0
volatility,0.1,19,0,0,0,0,0,0,0,0,0,0,0,0
volatility,0.1,20,0,0,0,0,0,0,0,0,0,0,0,0
volatility,0.1,21,0,0,0,0,0,0,0,0,0,0,0,0
volatility,0.1,22,0,0,0,0,0,0,0,0,0,0,0,0
volatility,0.1,23,0,0,0,0,0,0,0,0,0,0,0,0
volatility,0.1,24,1,0,0,0,1,0,0,0,0,0,0,0
volatility,0.1,25,1,0,0,0,0,0,1,0,0,0,0,0
volatility,0.1,26,0,0,0,0,0,0,0,0,0,0,0,0
volatility,0.1,27,0,0,0,0,0,0,0,0,0,0,0,0
volatility,0.1,28,0,0,0,0,0,0,0,0,0,0,0,0
volatility,0.1,29,0,0,0,0,0,0,0,0,0,0,0,0
volatility,0.2,0,4,0,0,0,2,0,2,0,0,0,0,0
volatility,0.2,1,3,0,0,0,2,0,1,0,0,0,0,0
volatility,0.2,2,1,0,0,0,1,0,0,0,0,0,0,0
volatility,0.2,3,6,0,0,0,3,0,3,0,0,0,0,0
volatility,0.2,4,7,0,0,0,5,0,2,0,0,0,0,0
volatility,0.2,5,6,0,0,0,2,0,4,0,0,0,0,0
volatility,0.2,6,7,0,0,0,4,0,3,0,0,0,0,0
volatility,0.2,7,5,0,0,0,3,1,1,0,0,0,0,0
volatility,0.2,8,4,0,0,0,1,0,3,0,0,0,0,0
volatility,0.2,9,1,0,0,0,1,0,0,0,0,0,0,0
volatility,0.2,10,4,0,0,0,1,0,3,0,0,0,0,0
volatility,0.2,11,4,0,0,0,3,0,1,0,0,0,0,0
volatility,0.2,12,3,0,0,0,2,0,1,0,0,0,0,0
volatility,0.2,13,3,0,0,0,3,0,0,0,0,0,0,0
volatility,0.2,14,1,0,0,0,0,0,1,0,0,0,0,0
volatility,0.2,15,6,0,0,0,3,0,3,0,0,0,0,0
volatility,0.2,16,3,0,0,0,1,0,2,0,0,0,0,0
volatility,0.2,17,6,0,0,0,4,0,2,0,0,0,0,0
volatility,0.2,18,3,0,0,0,1,0,2,0,0,0,0,0
volatility,0.2,19,1,0,0,0,1,0,0,0,0,0,0,0
volatility,0.2,20,3,0,0,0,3,0,0,0,0,0,0,0
volatility,0.2,21,3,0,0,0,2,0,1,0,0,0,0,0
volatility,0.2,22,1,0,0,0,1,0,0,0,0,0,0,0
volatility,0.2,23,5,0,0,0,4,0,1,0,0,0,0,0
volatility,0.2,24,5,0,0,0,2,0,3,0,0,0,0,0
volatility,0.2,25,4,0,0,0,1,0,3,0,0,0,0,0
volatility,0.2,26,2,0,0,0,2,0,0,0,0,0,0,0
volatility,0.2,27,3,0,0,0,2,0,1,0,0,0,0,0
volatility,0.2,28,5,0,0,0,5,0,0,0,0,0,0,0
volatility,0.2,29,7,0,0,0,4,0,3,0,0,0,0,0
volatility,0.5,0,59,0,0,0,31,3,25,0,0,0,0,0
volatility,0.5,1,74,0,0,0,37,7,30,0,0,0,0,0
volatility,0.5,2,55,0,0,0,26,6,23,0,0,0,0,0
volatility,0.5,3,69,0,0,0,32,6,31,0,0,0,0,0
volatility,0.5,4,71,0,0,0,37,6,28,0,0,0,0,0
volatility,0.5,5,65,0,0,0,39,6,20,0,0,0,0,0
volatility,0.5,6,67,0,0,0,43,3,21,0,0,0,0,0
volatility,0.5,7,69,0,0,0,37,7,25,0,0,0,0,0
volatility,0.5,8,75,0,0,0,39,6,30,0,0,0,0,0
volatility,0.5,9,64,0,0,0,35,4,25,0,0,0,0,0
volatility,0.5,10,84,0,0,0,41,8,35,0,0,0,0,0
volatility,0.5,11,67,0,0,0,31,5,31,0,0,0,0,0
volatility,0.5,12,64,0,0,0,29,8,27,0,0,0,0,0
volatility,0.5,13,67,0,0,0,36,7,24,0,0,0,0,0
volatility,0.5,14,57,0,0,0,36,2,19,0,0,0,0,0
volatility,0.5,15,61,0,0,0,26,6,29,0,0,0,0,0
volatility,0.5,16,77,0,0,0,39,8,30,0,0,0,0,0
volatility,0.5,17,62,0,0,0,39,2,21,0,0,0,0,0
volatility,0.5,18,48,0,0,0,26,3,19,0,0,0,0,0
volatility,0.5,19,60,0,0,0,38,5,17,0,0,0,0,0
volatility,0.5,20,74,0,0,0,35,7,32,0,0,0,0,0
volatility,0.5,21,59,0,0,0,37,5,17,0,0,0,0,0
volatility,0.5,22,52,0,0,0,24,7,21,0,0,0,0,0
volatility,0.5,23,65,0,0,0,35,7,23,0,0,0,0,0
volatility,0.5,24,68,0,0,0,36,10,22,0,0,0,0,0
volatility,0.5,25,77,0,0,0,42,8,27,0,0,0,0,0
volatility,0.5,26,61,0,0,0,34,6,21,0,0,0,0,0
volatility,0.5,27,74,0,0,0,36,10,28,0,0,0,0,0
volatility,0.5,28,66,0,0,0,41,6,19,0,0,0,0,0
volatility,0.5,29,69,0,0,0,36,9,24,0,0,0,0,0
volatility,1.0,0,359,0,0,0,161,68,130,0,0,0,0,0
volatility,1.0,1,341,0,0,0,131,63,147,0,0,0,0,0
volatility,1.0,2,358,0,0,0,151,87,120,0,0,0,0,0
volatility,1.0,3,344,0,0,0,153,74,117,0,0,0,0,0
volatility,1.0,4,338,0,0,0,137,80,121,0,0,0,0,0
volatility,1.0,5,328,0,0,0,138,71,119,0,0,0,0,0
volatility,1.0,6,343,0,0,0,140,75,128,0,0,0,0,0
volatility,1.0,7,342,0,0,0,154,68,120,0,0,0,0,0
volatility,1.0,8,353,0,0,0,137,81,135,0,0,0,0,0
volatility,1.0,9,358,0,0,0,147,82,129,0,0,0,0,0
volatility,1.0,10,358,0,0,0,131,90,137,0,0,0,0,0
volatility,1.0,11,346,0,0,0,129,87,130,0,0,0,0,0
volatility,1.0,12,355,0,0,0,136,81,138,0,0,0,0,0
volatility,1.0,13,340,0,0,0,139,83,118,0,0,0,0,0
volatility,1.0,14,314,0,0,0,127,67,120,0,0,0,0,0
volatility,1.0,15,356,0,0,0,126,90,140,0,0,0,0,0
volatility,1.0,16,376,0,0,0,143,88,145,0,0,0,0,0
volatility,1.0,17,340,0,0,0,140,75,125,0,0,0,0,0
volatility,1.0,18,349,0,0,0,131,86,132,0,0,0,0,0
volatility,1.0,19,344,0,0,0,142,72,130,0,0,0,0,0
volatility,1.0,20,374,0,0,0,146,96,132,0,0,0,0,0
volatility,1.0,21,333,0,0,0,147,72,114,0,0,0,0,0
volatility,1.0,22,331,0,0,0,124,80,127,0,0,0,0,0
volatility,1.0,23,348,0,0,0,138,76,134,0,0,0,0,0
volatility,1.0,24,350,0,0,0,139,79,132,0,0,0,0,0
volatility,1.0,25,367,0,0,0,151,74,142,0,0,0,0,0
volatility,1.0,26,322,0,0,0,126,73,123,0,0,0,0,0
volatility,1.0,27,328,0,0,0,142,72,114,0,0,0,0,0
volatility,1.0,28,358,0,0,0,160,74,124,0,0,0,0,0
volatility,1.0,29,365,0,0,0,139,96,130,0,0,0,0,0
momentum,0.05,0,0,0,0,0,0,0,0,0,0,0,0,0
momentum,0.05,1,0,0,0,0,0,0,0,0,0,0,0,0
momentum,0.05,2,0,0,0,0,0,0,0,0,0,0,0,0
momentum,0.05,3,0,0,0,0,0,0,0,0,0,0,0,0
momentum,0.05,4,0,0,0,0,0,0,0,0,0,0,0,0
momentum,0.05,5,0,0,0,0,0,0,0,0,0,0,0,0
momentum,0.05,6,0,0,0,0,0,0,0,0,0,0,0,0
momentum,0.05,7,0,0,0,0,0,0,0,0,0,0,0,0
momentum,0.05,8,0,0,0,0,0,0,0,0,0,0,0,0
momentum,0.05,9,0,0,0,0,0,0,0,0,0,0,0,0
momentum,0.05,10,0,0,0,0,0,0,0,0,0,0,0,0
momentum,0.05,11,0,0,0,0,0,0,0,0,0,0,0,0
momentum,0.05,12,0,0,0,0,0,0,0,0,0,0,0,0
momentum,0.05,13,0,0,0,0,0,0,0,0,0,0,0,0
momentum,0.05,14,0,0,0,0,0,0,0,0,0,0,0,0
momentum,0.05,15,0,0,0,0,0,0,0,0,0,0,0,0
momentum,0.05,16,0,0,0,0,0,0,0,0,0,0,0,0
momentum,0.05,17,0,0,0,0,0,0,0,0,0,0,0,0
momentum,0.05,18,0,0,0,0,0,0,0,0,0,0,0,0
momentum,0.05,19,0,0,0,0,0,0,0,0,0,0,0,0
momentum,0.05,20,0,0,0,0,0,0,0,0,0,0,0,0
momentum,0.05,21,0,0,0,0,0,0,0,0,0,0,0,0
momentum,0.05,22,0,0,0,0,0,0,0,0,0,0,0,0
momentum,0.05,23,0,0,0,0,0,0,0,0,0,0,0,0
momentum,0.05,24,0,0,0,0,0,0,0,0,0,0,0,0
momentum,0.05,25,0,0,0,0,0,0,0,0,0,0,0,0
momentum,0.05,26,0,0,0,0,0,0,0,0,0,0,0,0
momentum,0.05,27,0,0,0,0,0,0,0,0,0,0,0,0
momentum,0.05,28,0,0,0,0,0,0,0,0,0,0,0,0
momentum,0.05,29,0,0,0,0,0,0,0,0,0,0,0,0
momentum,0.1,0,0,0,0,0,0,0,0,0,0,0,0,0
momentum,0.1,1,0,0,0,0,0,0,0,0,0,0,0,0
momentum,0.1,2,0,0,0,0,0,0,0,0,0,0,0,0
momentum,0.1,3,0,0,0,0,0,0,0,0,0,0,0,0
momentum,0.1,4,0,0,0,0,0,0,0,0,0,0,0,0
momentum,0.1,5,0,0,0,0,0,0,0,0,0,0,0,0
momentum,0.1,6,0,0,0,0,0,0,0,0,0,0,0,0
momentum,0.1,7,0,0,0,0,0,0,0,0,0,0,0,0
momentum,0.1,8,0,0,0,0,0,0,0,0,0,0,0,0
momentum,0.1,9,0,0,0,0,0,0,0,0,0,0,0,0
momentum,0.1,10,0,0,0,0,0,0,0,0,0,0,0,0
momentum,0.1,11,0,0,0,0,0,0,0,0,0,0,0,0
momentum,0.1,12,0,0,0,0,0,0,0,0,0,0,0,0
momentum,0.1,13,0,0,0,0,0,0,0,0,0,0,0,0
momentum,0.1,14,0,0,0,0,0,0,0,0,0,0,0,0
momentum,0.1,15,0,0,0,0,0,0,0,0,0,0,0,0
momentum,0.1,16,0,0,0,0,0,0,0,0,0,0,0,0
momentum,0.1,17,0,0,0,0,0,0,0,0,0,0,0,0
momentum,0.1,18,0,0,0,0,0,0,0,0,0,0,0,0
momentum,0.1,19,0,0,0,0,0,0,0,0,0,0,0,0
momentum,0.1,20,0,0,0,0,0,0,0,0,0,0,0,0
momentum,0.1,21,0,0,0,0,0,0,0,0,0,0,0,0
momentum,0.1,22,0,0,0,0,0,0,0,0,0,0,0,0
momentum,0.1,23,0,0,0,0,0,0,0,0,0,0,0,0
momentum,0.1,24,0,0,0,0,0,0,0,0,0,0,0,0
momentum,0.1,25,0,0,0,0,0,0,0,0,0,0,0,0
momentum,0.1,26,0,0,0,0,0,0,0,0,0,0,0,0
momentum,0.1,27,0,0,0,0,0,0,0,0,0,0,0,0
momentum,0.1,28,0,0,0,0,0,0,0,0,0,0,0,0
momentum,0.1,29,0,0,0,0,0,0,0,0,0,0,0,0
momentum,0.2,0,0,0,0,0,0,0,0,0,0,0,0,0
momentum,0.2,1,0,0,0,0,0,0,0,0,0,0,0,0
momentum,0.2,2,0,0,0,0,0,0,0,0,0,0,0,0
momentum,0.2,3,0,0,0,0,0,0,0,0,0,0,0,0
momentum,0.2,4,0,0,0,0,0,0,0,0,0,0,0,0
momentum,0.2,5,0,0,0,0,0,0,0,0,0,0,0,0
momentum,0.2,6,0,0,0,0,0,0,0,0,0,0,0,0
momentum,0.2,7,0,0,0,0,0,0,0,0,0,0,0,0
momentum,0.2,8,0,0,0,0,0,0,0,0,0,0,0,0
momentum,0.2,9,0,0,0,0,0,0,0,0,0,0,0,0
momentum,0.2,10,0,0,0,0,0,0,0,0,0,0,0,0
momentum,0.2,11,1,0,0,0,0,0,0,0,0,1,0,0
momentum,0.2,12,0,0,0,0,0,0,0,0,0,0,0,0
momentum,0.2,13,0,0,0,0,0,0,0,0,0,0,0,0
momentum,0.2,14,1,0,0,0,0,0,0,0,0,1,0,0
momentum,0.2,15,0,0,0,0,0,0,0,0,0,0,0,0
momentum,0.2,16,0,0,0,0,0,0,0,0,0,0,0,0
momentum,0.2,17,0,0,0,0,0,0,0,0,0,0,0,0
momentum,0.2,18,0,0,0,0,0,0,0,0,0,0,0,0
momentum,0.2,19,1,0,0,0,0,0,0,0,0,1,0,0
momentum,0.2,20,1,0,0,0,0,0,0,0,0,1,0,0
momentum,0.2,21,0,0,0,0,0,0,0,0,0,0,0,0
momentum,0.2,22,0,0,0,0,0,0,0,0,0,0,0,0
momentum,0.2,23,0,0,0,0,0,0,0,0,0,0,0,0
momentum,0.2,24,0,0,0,0,0,0,0,0,0,0,0,0
momentum,0.2,25,0,0,0,0,0,0,0,0,0,0,0,0
momentum,0.2,26,1,0,0,0,0,0,0,0,0,1,0,0
momentum,0.2,27,0,0,0,0,0,0,0,0,0,0,0,0
momentum,0.2,28,0,0,0,0,0,0,0,0,0,0,0,0
momentum,0.2,29,0,0,0,0,0,0,0,0,0,0,0,0
momentum,0.5,0,6,0,0,0,0,0,0,0,0,6,0,0
momentum,0.5,1,3,0,0,0,0,0,0,0,0,3,0,0
momentum,0.5,2,3,0,0,0,0,0,0,0,0,3,0,0
momentum,0.5,3,2,0,0,0,0,0,0,0,0,2,0,0
momentum,0.5,4,4,0,0,0,0,0,0,0,0,4,0,0
momentum,0.5,5,7,0,0,0,0,0,0,0,0,7,0,0
momentum,0.5,6,4,0,0,0,0,0,0,0,0,4,0,0
momentum,0.5,7,8,0,0,0,0,0,0,0,0,8,0,0
momentum,0.5,8,10,0,0,0,0,0,0,0,0,10,0,0
momentum,0.5,9,3,0,0,0,0,0,0,0,0,3,0,0
momentum,0.5,10,7,0,0,0,0,0,0,0,0,7,0,0
momentum,0.5,11,7,0,0,0,0,0,0,0,0,7,0,0
momentum,0.5,12,3,0,0,0,0,0,0,0,0,3,0,0
momentum,0.5,13,4,0,0,0,0,0,0,0,0,4,0,0
momentum,0.5,14,5,0,0,0,0,0,0,0,0,5,0,0
momentum,0.5,15,8,0,0,0,0,0,0,0,0,8,0,0
momentum,0.5,16,3,0,0,0,0,0,0,0,0,3,0,0
momentum,0.5,17,10,0,0,0,0,0,0,0,0,10,0,0
momentum,0.5,18,3,0,0,0,0,0,0,0,0,3,0,0
momentum,0.5,19,10,0,0,0,0,0,0,0,0,10,0,0
momentum,0.5,20,6,0,0,0,0,0,0,0,0,6,0,0
momentum,0.5,21,4,0,0,0,0,0,0,0,0,4,0,0
momentum,0.5,22,6,0,0,0,0,0,0,0,0,6,0,0
momentum,0.5,23,6,0,0,0,0,0,0,0,0,6,0,0
momentum,0.5,24,5,0,0,0,0,0,0,0,0,5,0,0
momentum,0.5,25,5,0,0,0,0,0,0,0,0,5,0,0
momentum,0.5,26,7,0,0,0,0,0,0,0,0,7,0,0
momentum,0.5,27,4,0,0,0,0,0,0,0,0,4,0,0
momentum,0.5,28,6,0,0,0,0,0,0,0,0,6,0,0
momentum,0.5,29,5,0,0,0,0,0,0,0,0,5,0,0
momentum,1.0,0,39,0,0,0,0,0,0,0,0,39,0,0
momentum,1.0,1,40,0,0,0,0,0,0,0,0,40,0,0
momentum,1.0,2,31,0,0,0,0,0,0,0,0,31,0,0
momentum,1.0,3,29,0,0,0,0,0,0,0,0,29,0,0
momentum,1.0,4,33,0,0,0,0,0,0,0,0,33,0,0
momentum,1.0,5,42,0,0,0,0,0,0,0,0,42,0,0
momentum,1.0,6,40,0,0,0,0,0,0,0,0,40,0,0
momentum,1.0,7,32,0,0,0,0,0,0,0,0,32,0,0
momentum,1.0,8,44,0,0,0,0,0,0,0,0,44,0,0
momentum,1.0,9,43,0,0,0,0,0,0,0,0,43,0,0
momentum,1.0,10,45,0,0,0,0,0,0,0,0,45,0,0
momentum,1.0,11,34,0,0,0,0,0,0,0,0,34,0,0
momentum,1.0,12,37,0,0,0,0,0,0,0,0,37,0,0
momentum,1.0,13,42,0,0,0,0,0,0,0,0,42,0,0
momentum,1.0,14,43,0,0,0,0,0,0,0,0,43,0,0
momentum,1.0,15,43,0,0,0,0,0,0,0,0,43,0,0
momentum,1.0,16,30,0,0,0,0,0,0,0,0,30,0,0
momentum,1.0,17,48,0,0,0,0,0,0,0,0,48,0,0
momentum,1.0,18,47,0,0,0,0,0,0,0,0,47,0,0
momentum,1.0,19,33,0,0,0,0,0,0,0,0,33,0,0
momentum,1.0,20,45,0,0,0,0,0,0,0,0,45,0,0
momentum,1.0,21,45,0,0,0,0,0,0,0,0,45,0,0
momentum,1.0,22,44,0,0,0,0,0,0,0,0,44,0,0
momentum,1.0,23,43,0,0,0,0,0,0,0,0,43,0,0
momentum,1.0,24,31,0,0,0,0,0,0,0,0,31,0,0
momentum,1.0,25,47,0,0,0,0,0,0,0,0,47,0,0
momentum,1.0,26,31,0,0,0,0,0,0,0,0,31,0,0
momentum,1.0,27,30,0,0,0,0,0,0,0,0,30,0,0
momentum,1.0,28,40,0,0,0,0,0,0,0,0,40,0,0
momentum,1.0,29,45,0,0,0,0,0,0,0,0,45,0,0
volume_and_range,0.05,0,0,0,0,0,0,0,0,0,0,0,0,0
volume_and_range,0.05,1,0,0,0,0,0,0,0,0,0,0,0,0
volume_and_range,0.05,2,0,0,0,0,0,0,0,0,0,0,0,0
volume_and_range,0.05,3,0,0,0,0,0,0,0,0,0,0,0,0
volume_and_range,0.05,4,0,0,0,0,0,0,0,0,0,0,0,0
volume_and_range,0.05,5,0,0,0,0,0,0,0,0,0,0,0,0
volume_and_range,0.05,6,0,0,0,0,0,0,0,0,0,0,0,0
volume_and_range,0.05,7,0,0,0,0,0,0,0,0,0,0,0,0
volume_and_range,0.05,8,0,0,0,0,0,0,0,0,0,0,0,0
volume_and_range,0.05,9,0,0,0,0,0,0,0,0,0,0,0,0
volume_and_range,0.05,10,0,0,0,0,0,0,0,0,0,0,0,0
volume_and_range,0.05,11,0,0,0,0,0,0,0,0,0,0,0,0
volume_and_range,0.05,12,0,0,0,0,0,0,0,0,0,0,0,0
volume_and_range,0.05,13,0,0,0,0,0,0,0,0,0,0,0,0
volume_and_range,0.05,14,0,0,0,0,0,0,0,0,0,0,0,0
volume_and_range,0.05,15,0,0,0,0,0,0,0,0,0,0,0,0
volume_and_range,0.05,16,0,0,0,0,0,0,0,0,0,0,0,0
volume_and_range,0.05,17,0,0,0,0,0,0,0,0,0,0,0,0
volume_and_range,0.05,18,0,0,0,0,0,0,0,0,0,0,0,0
volume_and_range,0.05,19,0,0,0,0,0,0,0,0,0,0,0,0
volume_and_range,0.05,20,0,0,0,0,0,0,0,0,0,0,0,0
volume_and_range,0.05,21,0,0,0,0,0,0,0,0,0,0,0,0
volume_and_range,0.05,22,0,0,0,0,0,0,0,0,0,0,0,0
volume_and_range,0.05,23,0,0,0,0,0,0,0,0,0,0,0,0
volume_and_range,0.05,24,0,0,0,0,0,0,0,0,0,0,0,0
volume_and_range,0.05,25,0,0,0,0,0,0,0,0,0,0,0,0
volume_and_range,0.05,26,0,0,0,0,0,0,0,0,0,0,0,0
volume_and_range,0.05,27,0,0,0,0,0,0,0,0,0,0,0,0
volume_and_range,0.05,28,0,0,0,0,0,0,0,0,0,0,0,0
volume_and_range,0.05,29,0,0,0,0,0,0,0,0,0,0,0,0
volume_and_range,0.1,0,0,0,0,0,0,0,0,0,0,0,0,0
volume_and_range,0.1,1,0,0,0,0,0,0,0,0,0,0,0,0
volume_and_range,0.1,2,0,0,0,0,0,0,0,0,0,0,0,0
volume_and_range,0.1,3,0,0,0,0,0,0,0,0,0,0,0,0
volume_and_range,0.1,4,0,0,0,0,0,0,0,0,0,0,0,0
volume_and_range,0.1,5,0,0,0,0,0,0,0,0,0,0,0,0
volume_and_range,0.1,6,0,0,0,0,0,0,0,0,0,0,0,0
volume_and_range,0.1,7,0,0,0,0,0,0,0,0,0,0,0,0
volume_and_range,0.1,8,0,0,0,0,0,0,0,0,0,0,0,0
volume_and_range,0.1,9,0,0,0,0,0,0,0,0,0,0,0,0
volume_and_range,0.1,10,0,0,0,0,0,0,0,0,0,0,0,0
volume_and_range,0.1,11,0,0,0,0,0,0,0,0,0,0,0,0
volume_and_range,0.1,12,0,0,0,0,0,0,0,0,0,0,0,0
volume_and_range,0.1,13,0,0,0,0,0,0,0,0,0,0,0,0
volume_and_range,0.1,14,0,0,0,0,0,0,0,0,0,0,0,0
volume_and_range,0.1,15,0,0,0,0,0,0,0,0,0,0,0,0
volume_and_range,0.1,16,0,0,0,0,0,0,0,0,0,0,0,0
volume_and_range,0.1,17,0,0,0,0,0,0,0,0,0,0,0,0
volume_and_range,0.1,18,0,0,0,0,0,0,0,0,0,0,0,0
volume_and_range,0.1,19,0,0,0,0,0,0,0,0,0,0,0,0
volume_and_range,0.1,20,0,0,0,0,0,0,0,0,0,0,0,0
volume_and_range,0.1,21,0,0,0,0,0,0,0,0,0,0,0,0
volume_and_range,0.1,22,0,0,0,0,0,0,0,0,0,0,0,0
volume_and_range,0.1,23,0,0,0,0,0,0,0,0,0,0,0,0
volume_and_range,0.1,24,0,0,0,0,0,0,0,0,0,0,0,0
volume_and_range,0.1,25,0,0,0,0,0,0,0,0,0,0,0,0
volume_and_range,0.1,26,0,0,0,0,0,0,0,0,0,0,0,0
volume_and_range,0.1,27,0,0,0,0,0,0,0,0,0,0,0,0
volume_and_range,0.1,28,0,0,0,0,0,0,0,0,0,0,0,0
volume_and_range,0.1,29,0,0,0,0,0,0,0,0,0,0,0,0
volume_and_range,0.2,0,3,0,0,0,0,0,0,0,0,0,1,2
volume_and_range,0.2,1,0,0,0,0,0,0,0,0,0,0,0,0
volume_and_range,0.2,2,1,0,0,0,0,0,0,0,0,0,1,0
volume_and_range,0.2,3,0,0,0,0,0,0,0,0,0,0,0,0
volume_and_range,0.2,4,1,0,0,0,0,0,0,0,0,0,0,1
volume_and_range,0.2,5,0,0,0,0,0,0,0,0,0,0,0,0
volume_and_range,0.2,6,2,0,0,0,0,0,0,0,0,0,0,2
volume_and_range,0.2,7,0,0,0,0,0,0,0,0,0,0,0,0
volume_and_range,0.2,8,0,0,0,0,0,0,0,0,0,0,0,0
volume_and_range,0.2,9,2,0,0,0,0,0,0,0,0,0,1,1
volume_and_range,0.2,10,0,0,0,0,0,0,0,0,0,0,0,0
volume_and_range,0.2,11,0,0,0,0,0,0,0,0,0,0,0,0
volume_and_range,0.2,12,0,0,0,0,0,0,0,0,0,0,0,0
volume_and_range,0.2,13,2,0,0,0,0,0,0,0,0,0,1,1
volume_and_range,0.2,14,0,0,0,0,0,0,0,0,0,0,0,0
volume_and_range,0.2,15,0,0,0,0,0,0,0,0,0,0,0,0
volume_and_range,0.2,16,2,0,0,0,0,0,0,0,0,0,0,2
volume_and_range,0.2,17,1,0,0,0,0,0,0,0,0,0,0,1
volume_and_range,0.2,18,3,0,0,0,0,0,0,0,0,0,1,2
volume_and_range,0.2,19,1,0,0,0,0,0,0,0,0,0,0,1
volume_and_range,0.2,20,2,0,0,0,0,0,0,0,0,0,1,1
volume_and_range,0.2,21,2,0,0,0,0,0,0,0,0,0,2,0
volume_and_range,0.2,22,0,0,0,0,0,0,0,0,0,0,0,0
volume_and_range,0.2,23,2,0,0,0,0,0,0,0,0,0,1,1
volume_and_range,0.2,24,1,0,0,0,0,0,0,0,0,0,0,1
volume_and_range,0.2,25,0,0,0,0,0,0,0,0,0,0,0,0
volume_and_range,0.2,26,0,0,0,0,0,0,0,0,0,0,0,0
volume_and_range,0.2,27,2,0,0,0,0,0,0,0,0,0,1,1
volume_and_range,0.2,28,0,0,0,0,0,0,0,0,0,0,0,0
volume_and_range,0.2,29,0,0,0,0,0,0,0,0,0,0,0,0
volume_and_range,0.5,0,68,0,0,0,0,0,0,0,0,0,27,41
volume_and_range,0.5,1,55,0,0,0,0,0,0,0,0,0,23,32
volume_and_range,0.5,2,81,0,0,0,0,0,0,0,0,0,27,54
volume_and_range,0.5,3,57,0,0,0,0,0,0,0,0,0,25,32
volume_and_range,0.5,4,60,0,0,0,0,0,0,0,0,0,24,36
volume_and_range,0.5,5,66,0,0,0,0,0,0,0,0,0,33,33
volume_and_range,0.5,6,58,0,0,0,0,0,0,0,0,0,25,33
volume_and_range,0.5,7,56,0,0,0,0,0,0,0,0,0,21,35
volume_and_range,0.5,8,77,0,0,0,0,0,0,0,0,0,32,45
volume_and_range,0.5,9,61,0,0,0,0,0,0,0,0,0,22,39
volume_and_range,0.5,10,67,0,0,0,0,0,0,0,0,0,24,43
volume_and_range,0.5,11,60,0,0,0,0,0,0,0,0,0,26,34
volume_and_range,0.5,12,79,0,0,0,0,0,0,0,0,0,28,51
volume_and_range,0.5,13,54,0,0,0,0,0,0,0,0,0,17,37
volume_and_range,0.5,14,53,0,0,0,0,0,0,0,0,0,21,32
volume_and_range,0.5,15,54,0,0,0,0,0,0,0,0,0,17,37
volume_and_range,0.5,16,60,0,0,0,0,0,0,0,0,0,23,37
volume_and_range,0.5,17,59,0,0,0,0,0,0,0,0,0,22,37
volume_and_range,0.5,18,70,0,0,0,0,0,0,0,0,0,27,43
volume_and_range,0.5,19,53,0,0,0,0,0,0,0,0,0,29,24
volume_and_range,0.5,20,77,0,0,0,0,0,0,0,0,0,34,43
volume_and_range,0.5,21,41,0,0,0,0,0,0,0,0,0,17,24
volume_and_range,0.5,22,50,0,0,0,0,0,0,0,0,0,24,26
volume_and_range,0.5,23,58,0,0,0,0,0,0,0,0,0,25,33
volume_and_range,0.5,24,52,0,0,0,0,0,0,0,0,0,18,34
volume_and_range,0.5,25,64,0,0,0,0,0,0,0,0,0,20,44
volume_and_range,0.5,26,61,0,0,0,0,0,0,0,0,0,24,37
volume_and_range,0.5,27,59,0,0,0,0,0,0,0,0,0,24,35
volume_and_range,0.5,28,52,0,0,0,0,0,0,0,0,0,21,31
volume_and_range,0.5,29,58,0,0,0,0,0,0,0,0,0,21,37
volume_and_range,1.0,0,333,0,0,0,0,0,0,0,0,0,160,173
volume_and_range,1.0,1,322,0,0,0,0,0,0,0,0,0,155,167
volume_and_range,1.0,2,338,0,0,0,0,0,0,0,0,0,170,168
volume_and_range,1.0,3,305,0,0,0,0,0,0,0,0,0,151,154
volume_and_range,1.0,4,281,0,0,0,0,0,0,0,0,0,133,148
volume_and_range,1.0,5,305,0,0,0,0,0,0,0,0,0,156,149
volume_and_range,1.0,6,299,0,0,0,0,0,0,0,0,0,143,156
volume_and_range,1.0,7,335,0,0,0,0,0,0,0,0,0,138,197
volume_and_range,1.0,8,364,0,0,0,0,0,0,0,0,0,188,176
volume_and_range,1.0,9,297,0,0,0,0,0,0,0,0,0,127,170
volume_and_range,1.0,10,312,0,0,0,0,0,0,0,0,0,161,151
volume_and_range,1.0,11,311,0,0,0,0,0,0,0,0,0,160,151
volume_and_range,1.0,12,308,0,0,0,0,0,0,0,0,0,135,173
volume_and_range,1.0,13,322,0,0,0,0,0,0,0,0,0,144,178
volume_and_range,1.0,14,320,0,0,0,0,0,0,0,0,0,152,168
volume_and_range,1.0,15,330,0,0,0,0,0,0,0,0,0,157,173
volume_and_range,1.0,16,321,0,0,0,0,0,0,0,0,0,149,172
volume_and_range,1.0,17,310,0,0,0,0,0,0,0,0,0,158,152
volume_and_range,1.0,18,328,0,0,0,0,0,0,0,0,0,162,166
volume_and_range,1.0,19,300,0,0,0,0,0,0,0,0,0,148,152
volume_and_range,1.0,20,329,0,0,0,0,0,0,0,0,0,150,179
volume_and_range,1.0,21,301,0,0,0,0,0,0,0,0,0,150,151
volume_and_range,1.0,22,281,0,0,0,0,0,0,0,0,0,146,135
volume_and_range,1.0,23,314,0,0,0,0,0,0,0,0,0,154,160
volume_and_range,1.0,24,290,0,0,0,0,0,0,0,0,0,150,140
volume_and_range,1.0,25,292,0,0,0,0,0,0,0,0,0,143,149
volume_and_range,1.0,26,328,0,0,0,0,0,0,0,0,0,163,165
volume_and_range,1.0,27,300,0,0,0,0,0,0,0,0,0,154,146
volume_and_range,1.0,28,304,0,0,0,0,0,0,0,0,0,155,149
volume_and_range,1.0,29,303,0,0,0,0,0,0,0,0,0,145,158
all_predictors,0.05,0,0,0,0,0,0,0,0,0,0,0,0,0
all_predictors,0.05,1,0,0,0,0,0,0,0,0,0,0,0,0
all_predictors,0.05,2,0,0,0,0,0,0,0,0,0,0,0,0
all_predictors,0.05,3,0,0,0,0,0,0,0,0,0,0,0,0
all_predictors,0.05,4,0,0,0,0,0,0,0,0,0,0,0,0
all_predictors,0.05,5,0,0,0,0,0,0,0,0,0,0,0,0
all_predictors,0.05,6,0,0,0,0,0,0,0,0,0,0,0,0
all_predictors,0.05,7,0,0,0,0,0,0,0,0,0,0,0,0
all_predictors,0.05,8,0,0,0,0,0,0,0,0,0,0,0,0
all_predictors,0.05,9,0,0,0,0,0,0,0,0,0,0,0,0
all_predictors,0.05,10,0,0,0,0,0,0,0,0,0,0,0,0
all_predictors,0.05,11,0,0,0,0,0,0,0,0,0,0,0,0
all_predictors,0.05,12,0,0,0,0,0,0,0,0,0,0,0,0
all_predictors,0.05,13,0,0,0,0,0,0,0,0,0,0,0,0
all_predictors,0.05,14,0,0,0,0,0,0,0,0,0,0,0,0
all_predictors,0.05,15,0,0,0,0,0,0,0,0,0,0,0,0
all_predictors,0.05,16,0,0,0,0,0,0,0,0,0,0,0,0
all_predictors,0.05,17,0,0,0,0,0,0,0,0,0,0,0,0
all_predictors,0.05,18,0,0,0,0,0,0,0,0,0,0,0,0
all_predictors,0.05,19,0,0,0,0,0,0,0,0,0,0,0,0
all_predictors,0.05,20,0,0,0,0,0,0,0,0,0,0,0,0
all_predictors,0.05,21,0,0,0,0,0,0,0,0,0,0,0,0
all_predictors,0.05,22,0,0,0,0,0,0,0,0,0,0,0,0
all_predictors,0.05,23,0,0,0,0,0,0,0,0,0,0,0,0
all_predictors,0.05,24,0,0,0,0,0,0,0,0,0,0,0,0
all_predictors,0.05,25,0,0,0,0,0,0,0,0,0,0,0,0
all_predictors,0.05,26,0,0,0,0,0,0,0,0,0,0,0,0
all_predictors,0.05,27,0,0,0,0,0,0,0,0,0,0,0,0
all_predictors,0.05,28,0,0,0,0,0,0,0,0,0,0,0,0
all_predictors,0.05,29,0,0,0,0,0,0,0,0,0,0,0,0
all_predictors,0.1,0,0,0,0,0,0,0,0,0,0,0,0,0
all_predictors,0.1,1,0,0,0,0,0,0,0,0,0,0,0,0
all_predictors,0.1,2,0,0,0,0,0,0,0,0,0,0,0,0
all_predictors,0.1,3,0,0,0,0,0,0,0,0,0,0,0,0
all_predictors,0.1,4,0,0,0,0,0,0,0,0,0,0,0,0
all_predictors,0.1,5,0,0,0,0,0,0,0,0,0,0,0,0
all_predictors,0.1,6,1,0,0,0,1,0,0,0,0,0,0,0
all_predictors,0.1,7,0,0,0,0,0,0,0,0,0,0,0,0
all_predictors,0.1,8,1,0,0,0,1,0,0,0,0,0,0,0
all_predictors,0.1,9,0,0,0,0,0,0,0,0,0,0,0,0
all_predictors,0.1,10,0,0,0,0,0,0,0,0,0,0,0,0
all_predictors,0.1,11,0,0,0,0,0,0,0,0,0,0,0,0
all_predictors,0.1,12,0,0,0,0,0,0,0,0,0,0,0,0
all_predictors,0.1,13,0,0,0,0,0,0,0,0,0,0,0,0
all_predictors,0.1,14,1,0,0,0,1,0,0,0,0,0,0,0
all_predictors,0.1,15,0,0,0,0,0,0,0,0,0,0,0,0
all_predictors,0.1,16,0,0,0,0,0,0,0,0,0,0,0,0
all_predictors,0.1,17,0,0,0,0,0,0,0,0,0,0,0,0
all_predictors,0.1,18,0,0,0,0,0,0,0,0,0,0,0,0
all_predictors,0.1,19,0,0,0,0,0,0,0,0,0,0,0,0
all_predictors,0.1,20,0,0,0,0,0,0,0,0,0,0,0,0
all_predictors,0.1,21,1,0,0,0,0,0,1,0,0,0,0,0
all_predictors,0.1,22,0,0,0,0,0,0,0,0,0,0,0,0
all_predictors,0.1,23,1,0,0,0,1,0,0,0,0,0,0,0
all_predictors,0.1,24,0,0,0,0,0,0,0,0,0,0,0,0
all_predictors,0.1,25,0,0,0,0,0,0,0,0,0,0,0,0
all_predictors,0.1,26,0,0,0,0,0,0,0,0,0,0,0,0
all_predictors,0.1,27,0,0,0,0,0,0,0,0,0,0,0,0
all_predictors,0.1,28,0,0,0,0,0,0,0,0,0,0,0,0
all_predictors,0.1,29,0,0,0,0,0,0,0,0,0,0,0,0
all_predictors,0.2,0,6,0,0,0,3,0,3,0,0,0,0,0
all_predictors,0.2,1,4,0,0,0,2,0,1,0,0,1,0,0
all_predictors,0.2,2,8,0,0,0,6,0,1,0,0,0,0,1
all_predictors,0.2,3,4,0,0,0,2,0,1,0,0,0,0,1
all_predictors,0.2,4,7,0,0,0,4,0,2,0,0,1,0,0
all_predictors,0.2,5,2,0,0,0,1,0,1,0,0,0,0,0
all_predictors,0.2,6,9,0,0,0,2,0,4,0,0,0,2,1
all_predictors,0.2,7,4,0,0,0,2,0,1,0,0,0,0,1
all_predictors,0.2,8,5,0,0,0,2,0,1,0,0,0,0,2
all_predictors,0.2,9,2,0,0,0,1,0,1,0,0,0,0,0
all_predictors,0.2,10,8,0,0,0,5,0,0,0,0,0,1,2
all_predictors,0.2,11,4,0,0,0,2,0,0,0,0,0,0,2
all_predictors,0.2,12,3,0,0,0,1,0,2,0,0,0,0,0
all_predictors,0.2,13,3,0,0,0,1,0,2,0,0,0,0,0
all_predictors,0.2,14,5,0,0,0,4,0,1,0,0,0,0,0
all_predictors,0.2,15,6,0,0,0,4,0,1,0,0,0,1,0
all_predictors,0.2,16,3,0,0,0,1,0,0,0,0,1,0,1
all_predictors,0.2,17,5,0,0,0,2,0,2,0,0,0,1,0
all_predictors,0.2,18,3,0,0,0,0,0,1,0,0,0,0,2
all_predictors,0.2,19,5,0,0,0,0,0,2,0,0,1,0,2
all_predictors,0.2,20,7,0,0,0,3,0,3,0,0,0,0,1
all_predictors,0.2,21,10,0,0,0,6,0,3,0,0,0,0,1
all_predictors,0.2,22,2,0,0,0,1,0,0,0,0,0,0,1
all_predictors,0.2,23,5,0,0,0,3,0,2,0,0,0,0,0
all_predictors,0.2,24,4,0,0,0,1,0,2,0,0,0,0,1
all_predictors,0.2,25,5,0,0,0,3,0,1,0,0,0,0,1
all_predictors,0.2,26,7,0,0,0,5,0,2,0,0,0,0,0
all_predictors,0.2,27,1,0,0,0,0,0,1,0,0,0,0,0
all_predictors,0.2,28,6,0,0,0,2,0,1,0,0,1,0,2
all_predictors,0.2,29,5,0,0,0,1,0,4,0,0,0,0,0
all_predictors,0.5,0,130,0,0,0,41,5,29,0,0,6,25,24
all_predictors,0.5,1,134,0,0,0,31,6,27,0,0,7,26,37
all_predictors,0.5,2,139,0,0,0,42,5,29,0,0,3,24,36
all_predictors,0.5,3,105,0,0,0,31,4,18,0,0,5,18,29
all_predictors,0.5,4,137,0,0,0,36,9,19,0,0,5,31,37
all_predictors,0.5,5,125,0,0,0,36,3,27,0,0,5,13,41
all_predictors,0.5,6,154,0,0,0,34,7,33,0,0,4,30,46
all_predictors,0.5,7,127,0,0,0,29,5,30,0,0,3,19,41
all_predictors,0.5,8,145,0,0,0,36,5,29,0,0,3,29,43
all_predictors,0.5,9,113,0,0,0,35,5,15,0,0,3,22,33
all_predictors,0.5,10,156,0,0,0,39,7,27,0,0,4,33,46
all_predictors,0.5,11,154,0,0,0,46,8,33,0,0,5,26,36
all_predictors,0.5,12,122,0,0,0,23,4,28,0,0,4,26,37
all_predictors,0.5,13,132,0,0,0,32,4,27,0,0,3,25,41
all_predictors,0.5,14,148,0,0,0,36,5,34,0,0,10,23,40
all_predictors,0.5,15,120,0,0,0,23,6,25,0,0,3,26,37
all_predictors,0.5,16,118,0,0,0,37,9,18,0,0,4,26,24
all_predictors,0.5,17,123,0,0,0,28,6,27,0,0,3,25,34
all_predictors,0.5,18,123,0,0,0,33,9,19,0,0,5,22,35
all_predictors,0.5,19,130,0,0,0,37,4,26,0,0,6,24,33
all_predictors,0.5,20,151,0,0,0,45,10,25,0,0,8,23,40
all_predictors,0.5,21,114,0,0,0,33,4,24,0,0,7,12,34
all_predictors,0.5,22,116,0,0,0,32,8,20,0,0,5,16,35
all_predictors,0.5,23,171,0,0,0,48,9,30,0,0,4,31,49
all_predictors,0.5,24,137,0,0,0,36,6,21,0,0,6,26,42
all_predictors,0.5,25,141,0,0,0,39,6,21,0,0,10,24,41
all_predictors,0.5,26,144,0,0,0,36,8,27,0,0,4,28,41
all_predictors,0.5,27,118,0,0,0,28,4,25,0,0,6,25,30
all_predictors,0.5,28,127,0,0,0,39,6,19,0,0,5,20,38
all_predictors,0.5,29,124,0,0,0,28,5,25,0,0,5,25,36
all_predictors,1.0,0,724,0,0,0,155,69,142,0,0,49,153,156
all_predictors,1.0,1,700,0,0,0,144,90,133,0,0,32,144,157
all_predictors,1.0,2,698,0,0,0,157,83,130,0,0,27,132,169
all_predictors,1.0,3,678,0,0,0,145,73,132,0,0,31,140,157
all_predictors,1.0,4,715,0,0,0,133,82,127,0,0,40,172,161
all_predictors,1.0,5,662,0,0,0,120,78,130,0,0,31,148,155
all_predictors,1.0,6,716,0,0,0,142,78,137,0,0,34,153,172
all_predictors,1.0,7,723,0,0,0,149,93,130,0,0,35,153,163
all_predictors,1.0,8,696,0,0,0,137,70,147,0,0,36,151,155
all_predictors,1.0,9,705,0,0,0,156,84,119,0,0,35,147,164
all_predictors,1.0,10,709,0,0,0,147,60,143,0,0,31,155,173
all_predictors,1.0,11,695,0,0,0,143,80,120,0,0,32,159,161
all_predictors,1.0,12,672,0,0,0,126,68,132,0,0,25,154,167
all_predictors,1.0,13,720,0,0,0,140,77,137,0,0,45,165,156
all_predictors,1.0,14,687,0,0,0,144,73,130,0,0,47,135,158
all_predictors,1.0,15,668,0,0,0,121,76,126,0,0,36,156,153
all_predictors,1.0,16,689,0,0,0,149,76,120,0,0,31,170,143
all_predictors,1.0,17,692,0,0,0,132,76,118,0,0,40,154,172
all_predictors,1.0,18,696,0,0,0,149,90,108,0,0,44,158,147
all_predictors,1.0,19,704,0,0,0,160,68,133,0,0,38,164,141
all_predictors,1.0,20,697,0,0,0,162,73,125,0,0,34,152,151
all_predictors,1.0,21,672,0,0,0,131,82,131,0,0,33,145,150
all_predictors,1.0,22,680,0,0,0,119,68,125,0,0,36,159,173
all_predictors,1.0,23,737,0,0,0,165,80,116,0,0,41,166,169
all_predictors,1.0,24,717,0,0,0,145,76,130,0,0,44,158,164
all_predictors,1.0,25,715,0,0,0,137,88,116,0,0,40,169,165
all_predictors,1.0,26,691,0,0,0,138,87,112,0,0,28,142,184
all_predictors,1.0,27,715,0,0,0,137,77,135,0,0,47,158,161
all_predictors,1.0,28,673,0,0,0,145,84,117,0,0,37,139,151
all_predictors,1.0,29,694,0,0,0,132,87,124,0,0,41,152,158
